[
    {
        "model": "admin.logentry",
        "pk": 1,
        "fields": {
            "action_time": "2023-03-03T01:22:44.591Z",
            "user": 1,
            "content_type": 8,
            "object_id": "1",
            "object_repr": "graphic design",
            "action_flag": 1,
            "change_message": "[{\"added\": {}}]"
        }
    },
    {
        "model": "admin.logentry",
        "pk": 2,
        "fields": {
            "action_time": "2023-03-03T01:22:54.768Z",
            "user": 1,
            "content_type": 8,
            "object_id": "2",
            "object_repr": "illlustration",
            "action_flag": 1,
            "change_message": "[{\"added\": {}}]"
        }
    },
    {
        "model": "admin.logentry",
        "pk": 3,
        "fields": {
            "action_time": "2023-03-03T01:23:05.591Z",
            "user": 1,
            "content_type": 8,
            "object_id": "3",
            "object_repr": "pop art",
            "action_flag": 1,
            "change_message": "[{\"added\": {}}]"
        }
    },
    {
        "model": "admin.logentry",
        "pk": 4,
        "fields": {
            "action_time": "2023-03-03T01:28:23.644Z",
            "user": 1,
            "content_type": 8,
            "object_id": "4",
            "object_repr": "surrealism",
            "action_flag": 1,
            "change_message": "[{\"added\": {}}]"
        }
    },
    {
        "model": "admin.logentry",
        "pk": 5,
        "fields": {
            "action_time": "2023-03-03T01:28:41.787Z",
            "user": 1,
            "content_type": 8,
            "object_id": "5",
            "object_repr": "photo-painting",
            "action_flag": 1,
            "change_message": "[{\"added\": {}}]"
        }
    },
    {
        "model": "admin.logentry",
        "pk": 6,
        "fields": {
            "action_time": "2023-03-03T01:28:56.412Z",
            "user": 1,
            "content_type": 8,
            "object_id": "6",
            "object_repr": "photography",
            "action_flag": 1,
            "change_message": "[{\"added\": {}}]"
        }
    },
    {
        "model": "admin.logentry",
        "pk": 7,
        "fields": {
            "action_time": "2023-03-03T01:29:14.359Z",
            "user": 1,
            "content_type": 8,
            "object_id": "7",
            "object_repr": "glitch-art",
            "action_flag": 1,
            "change_message": "[{\"added\": {}}]"
        }
    },
    {
        "model": "admin.logentry",
        "pk": 8,
        "fields": {
            "action_time": "2023-03-03T01:29:39.956Z",
            "user": 1,
            "content_type": 8,
            "object_id": "7",
            "object_repr": "glitch art",
            "action_flag": 2,
            "change_message": "[{\"changed\": {\"fields\": [\"Title\"]}}]"
        }
    },
    {
        "model": "admin.logentry",
        "pk": 9,
        "fields": {
            "action_time": "2023-03-03T01:30:06.052Z",
            "user": 1,
            "content_type": 8,
            "object_id": "5",
            "object_repr": "photo-paintings",
            "action_flag": 2,
            "change_message": "[{\"changed\": {\"fields\": [\"Title\", \"Friendly name\"]}}]"
        }
    },
    {
        "model": "admin.logentry",
        "pk": 10,
        "fields": {
            "action_time": "2023-03-03T01:48:10.589Z",
            "user": 1,
            "content_type": 8,
            "object_id": "2",
            "object_repr": "illlustrations",
            "action_flag": 2,
            "change_message": "[{\"changed\": {\"fields\": [\"Title\", \"Friendly name\"]}}]"
        }
    },
    {
        "model": "admin.logentry",
        "pk": 11,
        "fields": {
            "action_time": "2023-03-03T01:51:04.138Z",
            "user": 1,
            "content_type": 8,
            "object_id": "3",
            "object_repr": "popart",
            "action_flag": 2,
            "change_message": "[{\"changed\": {\"fields\": [\"Title\"]}}]"
        }
    },
    {
        "model": "admin.logentry",
        "pk": 12,
        "fields": {
            "action_time": "2023-03-13T18:28:19.727Z",
            "user": 1,
            "content_type": 8,
            "object_id": "2",
            "object_repr": "illlustration",
            "action_flag": 2,
            "change_message": "[{\"changed\": {\"fields\": [\"Title\", \"Friendly name\"]}}]"
        }
    },
    {
        "model": "admin.logentry",
        "pk": 13,
        "fields": {
            "action_time": "2023-03-13T18:29:27.551Z",
            "user": 1,
            "content_type": 8,
            "object_id": "7",
            "object_repr": "glitch-art",
            "action_flag": 2,
            "change_message": "[{\"changed\": {\"fields\": [\"Title\"]}}]"
        }
    },
    {
        "model": "admin.logentry",
        "pk": 14,
        "fields": {
            "action_time": "2023-03-13T18:29:42.680Z",
            "user": 1,
            "content_type": 8,
            "object_id": "8",
            "object_repr": "illustrations",
            "action_flag": 1,
            "change_message": "[{\"added\": {}}]"
        }
    },
    {
        "model": "admin.logentry",
        "pk": 15,
        "fields": {
            "action_time": "2023-04-19T21:09:06.989Z",
            "user": 5,
            "content_type": 12,
            "object_id": "1",
            "object_repr": "btech373@gmail.com",
            "action_flag": 2,
            "change_message": "[{\"changed\": {\"fields\": [\"Verified\", \"Primary\"]}}]"
        }
    },
    {
        "model": "admin.logentry",
        "pk": 16,
        "fields": {
            "action_time": "2023-04-19T21:09:12.863Z",
            "user": 5,
            "content_type": 12,
            "object_id": "2",
            "object_repr": "troianoali@gmail.com",
            "action_flag": 2,
            "change_message": "[{\"changed\": {\"fields\": [\"Verified\"]}}]"
        }
    },
    {
        "model": "admin.logentry",
        "pk": 17,
        "fields": {
            "action_time": "2023-04-19T21:09:16.625Z",
            "user": 5,
            "content_type": 12,
            "object_id": "3",
            "object_repr": "theb3tafish@gmail.com",
            "action_flag": 2,
            "change_message": "[{\"changed\": {\"fields\": [\"Verified\"]}}]"
        }
    },
    {
        "model": "admin.logentry",
        "pk": 18,
        "fields": {
            "action_time": "2023-05-19T20:59:02.317Z",
            "user": 1,
            "content_type": 17,
            "object_id": "2",
            "object_repr": "test89",
            "action_flag": 2,
            "change_message": "[{\"changed\": {\"fields\": [\"Avatar\"]}}]"
        }
    },
    {
        "model": "admin.logentry",
        "pk": 19,
        "fields": {
            "action_time": "2023-05-19T21:00:08.406Z",
            "user": 1,
            "content_type": 9,
            "object_id": "3",
            "object_repr": "Palm Smokes",
            "action_flag": 2,
            "change_message": "[{\"changed\": {\"fields\": [\"User\"]}}]"
        }
    },
    {
        "model": "admin.logentry",
        "pk": 20,
        "fields": {
            "action_time": "2023-05-19T21:00:27.042Z",
            "user": 1,
            "content_type": 9,
            "object_id": "13",
            "object_repr": "Bubble Girl Illustration",
            "action_flag": 2,
            "change_message": "[{\"changed\": {\"fields\": [\"User\"]}}]"
        }
    },
    {
        "model": "admin.logentry",
        "pk": 21,
        "fields": {
            "action_time": "2023-05-25T13:32:57.316Z",
            "user": 1,
            "content_type": 9,
            "object_id": "3",
            "object_repr": "Palm Smokes",
            "action_flag": 2,
            "change_message": "[{\"changed\": {\"fields\": [\"Artwork description\"]}}]"
        }
    },
    {
        "model": "admin.logentry",
        "pk": 22,
        "fields": {
            "action_time": "2023-05-25T13:58:21.062Z",
            "user": 1,
            "content_type": 9,
            "object_id": "16",
            "object_repr": "Banana Pop",
            "action_flag": 2,
            "change_message": "[{\"changed\": {\"fields\": [\"Predicted titles\"]}}]"
        }
    },
    {
        "model": "admin.logentry",
        "pk": 23,
        "fields": {
            "action_time": "2023-05-25T14:00:29.954Z",
            "user": 1,
            "content_type": 9,
            "object_id": "15",
            "object_repr": "Bear Necesseties",
            "action_flag": 2,
            "change_message": "[{\"changed\": {\"fields\": [\"Predicted titles\"]}}]"
        }
    },
    {
        "model": "admin.logentry",
        "pk": 24,
        "fields": {
            "action_time": "2023-05-25T14:05:07.310Z",
            "user": 1,
            "content_type": 9,
            "object_id": "4",
            "object_repr": "Orange You Glad",
            "action_flag": 2,
            "change_message": "[{\"changed\": {\"fields\": [\"Image\", \"User\", \"Predicted titles\", \"Artwork description\"]}}]"
        }
    },
    {
        "model": "admin.logentry",
        "pk": 25,
        "fields": {
            "action_time": "2023-05-25T14:10:25.215Z",
            "user": 1,
            "content_type": 9,
            "object_id": "6",
            "object_repr": "Pop Art Girl",
            "action_flag": 2,
            "change_message": "[{\"changed\": {\"fields\": [\"User\", \"Predicted titles\", \"Artwork description\"]}}]"
        }
    },
    {
        "model": "admin.logentry",
        "pk": 26,
        "fields": {
            "action_time": "2023-05-25T15:11:29.585Z",
            "user": 1,
            "content_type": 20,
            "object_id": "68",
            "object_repr": "",
            "action_flag": 3,
            "change_message": ""
        }
    },
    {
        "model": "admin.logentry",
        "pk": 27,
        "fields": {
            "action_time": "2023-05-25T15:11:29.602Z",
            "user": 1,
            "content_type": 20,
            "object_id": "67",
            "object_repr": "",
            "action_flag": 3,
            "change_message": ""
        }
    },
    {
        "model": "admin.logentry",
        "pk": 28,
        "fields": {
            "action_time": "2023-05-25T15:11:29.623Z",
            "user": 1,
            "content_type": 20,
            "object_id": "66",
            "object_repr": "",
            "action_flag": 3,
            "change_message": ""
        }
    },
    {
        "model": "admin.logentry",
        "pk": 29,
        "fields": {
            "action_time": "2023-05-25T15:11:29.641Z",
            "user": 1,
            "content_type": 20,
            "object_id": "65",
            "object_repr": "",
            "action_flag": 3,
            "change_message": ""
        }
    },
    {
        "model": "admin.logentry",
        "pk": 30,
        "fields": {
            "action_time": "2023-05-25T15:11:29.669Z",
            "user": 1,
            "content_type": 20,
            "object_id": "64",
            "object_repr": "",
            "action_flag": 3,
            "change_message": ""
        }
    },
    {
        "model": "admin.logentry",
        "pk": 31,
        "fields": {
            "action_time": "2023-05-25T15:11:29.711Z",
            "user": 1,
            "content_type": 20,
            "object_id": "63",
            "object_repr": "",
            "action_flag": 3,
            "change_message": ""
        }
    },
    {
        "model": "admin.logentry",
        "pk": 32,
        "fields": {
            "action_time": "2023-05-25T15:11:29.729Z",
            "user": 1,
            "content_type": 20,
            "object_id": "62",
            "object_repr": "",
            "action_flag": 3,
            "change_message": ""
        }
    },
    {
        "model": "admin.logentry",
        "pk": 33,
        "fields": {
            "action_time": "2023-05-25T15:11:29.749Z",
            "user": 1,
            "content_type": 20,
            "object_id": "61",
            "object_repr": "",
            "action_flag": 3,
            "change_message": ""
        }
    },
    {
        "model": "admin.logentry",
        "pk": 34,
        "fields": {
            "action_time": "2023-05-25T15:11:29.765Z",
            "user": 1,
            "content_type": 20,
            "object_id": "60",
            "object_repr": "",
            "action_flag": 3,
            "change_message": ""
        }
    },
    {
        "model": "admin.logentry",
        "pk": 35,
        "fields": {
            "action_time": "2023-05-25T15:11:29.781Z",
            "user": 1,
            "content_type": 20,
            "object_id": "59",
            "object_repr": "",
            "action_flag": 3,
            "change_message": ""
        }
    },
    {
        "model": "admin.logentry",
        "pk": 36,
        "fields": {
            "action_time": "2023-05-25T15:11:29.796Z",
            "user": 1,
            "content_type": 20,
            "object_id": "58",
            "object_repr": "",
            "action_flag": 3,
            "change_message": ""
        }
    },
    {
        "model": "admin.logentry",
        "pk": 37,
        "fields": {
            "action_time": "2023-05-25T15:11:29.813Z",
            "user": 1,
            "content_type": 20,
            "object_id": "57",
            "object_repr": "",
            "action_flag": 3,
            "change_message": ""
        }
    },
    {
        "model": "admin.logentry",
        "pk": 38,
        "fields": {
            "action_time": "2023-05-25T15:11:29.829Z",
            "user": 1,
            "content_type": 20,
            "object_id": "56",
            "object_repr": "",
            "action_flag": 3,
            "change_message": ""
        }
    },
    {
        "model": "admin.logentry",
        "pk": 39,
        "fields": {
            "action_time": "2023-05-25T15:11:29.845Z",
            "user": 1,
            "content_type": 20,
            "object_id": "55",
            "object_repr": "",
            "action_flag": 3,
            "change_message": ""
        }
    },
    {
        "model": "admin.logentry",
        "pk": 40,
        "fields": {
            "action_time": "2023-05-25T15:11:29.861Z",
            "user": 1,
            "content_type": 20,
            "object_id": "20",
            "object_repr": "",
            "action_flag": 3,
            "change_message": ""
        }
    },
    {
        "model": "admin.logentry",
        "pk": 41,
        "fields": {
            "action_time": "2023-05-25T15:11:29.877Z",
            "user": 1,
            "content_type": 20,
            "object_id": "19",
            "object_repr": "",
            "action_flag": 3,
            "change_message": ""
        }
    },
    {
        "model": "admin.logentry",
        "pk": 42,
        "fields": {
            "action_time": "2023-05-25T15:11:29.893Z",
            "user": 1,
            "content_type": 20,
            "object_id": "18",
            "object_repr": "",
            "action_flag": 3,
            "change_message": ""
        }
    },
    {
        "model": "admin.logentry",
        "pk": 43,
        "fields": {
            "action_time": "2023-05-25T15:11:29.932Z",
            "user": 1,
            "content_type": 20,
            "object_id": "17",
            "object_repr": "",
            "action_flag": 3,
            "change_message": ""
        }
    },
    {
        "model": "admin.logentry",
        "pk": 44,
        "fields": {
            "action_time": "2023-05-25T15:11:29.948Z",
            "user": 1,
            "content_type": 20,
            "object_id": "16",
            "object_repr": "",
            "action_flag": 3,
            "change_message": ""
        }
    },
    {
        "model": "admin.logentry",
        "pk": 45,
        "fields": {
            "action_time": "2023-05-25T15:11:29.965Z",
            "user": 1,
            "content_type": 20,
            "object_id": "15",
            "object_repr": "",
            "action_flag": 3,
            "change_message": ""
        }
    },
    {
        "model": "admin.logentry",
        "pk": 46,
        "fields": {
            "action_time": "2023-05-25T15:11:29.982Z",
            "user": 1,
            "content_type": 20,
            "object_id": "14",
            "object_repr": "",
            "action_flag": 3,
            "change_message": ""
        }
    },
    {
        "model": "admin.logentry",
        "pk": 47,
        "fields": {
            "action_time": "2023-05-25T15:11:29.997Z",
            "user": 1,
            "content_type": 20,
            "object_id": "13",
            "object_repr": "",
            "action_flag": 3,
            "change_message": ""
        }
    },
    {
        "model": "admin.logentry",
        "pk": 48,
        "fields": {
            "action_time": "2023-05-25T15:11:30.013Z",
            "user": 1,
            "content_type": 20,
            "object_id": "12",
            "object_repr": "",
            "action_flag": 3,
            "change_message": ""
        }
    },
    {
        "model": "admin.logentry",
        "pk": 49,
        "fields": {
            "action_time": "2023-05-25T15:11:30.029Z",
            "user": 1,
            "content_type": 20,
            "object_id": "11",
            "object_repr": "",
            "action_flag": 3,
            "change_message": ""
        }
    },
    {
        "model": "admin.logentry",
        "pk": 50,
        "fields": {
            "action_time": "2023-05-25T15:11:30.045Z",
            "user": 1,
            "content_type": 20,
            "object_id": "10",
            "object_repr": "",
            "action_flag": 3,
            "change_message": ""
        }
    },
    {
        "model": "admin.logentry",
        "pk": 51,
        "fields": {
            "action_time": "2023-05-25T15:11:30.062Z",
            "user": 1,
            "content_type": 20,
            "object_id": "9",
            "object_repr": "",
            "action_flag": 3,
            "change_message": ""
        }
    },
    {
        "model": "admin.logentry",
        "pk": 52,
        "fields": {
            "action_time": "2023-05-25T15:11:30.081Z",
            "user": 1,
            "content_type": 20,
            "object_id": "8",
            "object_repr": "",
            "action_flag": 3,
            "change_message": ""
        }
    },
    {
        "model": "admin.logentry",
        "pk": 53,
        "fields": {
            "action_time": "2023-05-25T15:11:30.097Z",
            "user": 1,
            "content_type": 20,
            "object_id": "7",
            "object_repr": "",
            "action_flag": 3,
            "change_message": ""
        }
    },
    {
        "model": "admin.logentry",
        "pk": 54,
        "fields": {
            "action_time": "2023-05-25T15:11:30.113Z",
            "user": 1,
            "content_type": 20,
            "object_id": "6",
            "object_repr": "",
            "action_flag": 3,
            "change_message": ""
        }
    },
    {
        "model": "admin.logentry",
        "pk": 55,
        "fields": {
            "action_time": "2023-05-25T15:12:35.677Z",
            "user": 1,
            "content_type": 20,
            "object_id": "70",
            "object_repr": "nana",
            "action_flag": 1,
            "change_message": "[{\"added\": {}}]"
        }
    },
    {
        "model": "admin.logentry",
        "pk": 56,
        "fields": {
            "action_time": "2023-06-19T19:58:27.180Z",
            "user": 1,
            "content_type": 20,
            "object_id": "84",
            "object_repr": "A Better Tomorrow",
            "action_flag": 3,
            "change_message": ""
        }
    },
    {
        "model": "admin.logentry",
        "pk": 57,
        "fields": {
            "action_time": "2023-06-19T19:58:27.197Z",
            "user": 1,
            "content_type": 20,
            "object_id": "83",
            "object_repr": "A Better Tomorrow",
            "action_flag": 3,
            "change_message": ""
        }
    },
    {
        "model": "admin.logentry",
        "pk": 58,
        "fields": {
            "action_time": "2023-06-19T19:58:27.212Z",
            "user": 1,
            "content_type": 20,
            "object_id": "82",
            "object_repr": "A Better Tomorrow",
            "action_flag": 3,
            "change_message": ""
        }
    },
    {
        "model": "admin.logentry",
        "pk": 59,
        "fields": {
            "action_time": "2023-06-19T19:58:27.234Z",
            "user": 1,
            "content_type": 20,
            "object_id": "81",
            "object_repr": "A Better Tomorrow",
            "action_flag": 3,
            "change_message": ""
        }
    },
    {
        "model": "admin.logentry",
        "pk": 60,
        "fields": {
            "action_time": "2023-06-19T19:58:27.253Z",
            "user": 1,
            "content_type": 20,
            "object_id": "80",
            "object_repr": "A Better Tomorrow",
            "action_flag": 3,
            "change_message": ""
        }
    },
    {
        "model": "admin.logentry",
        "pk": 61,
        "fields": {
            "action_time": "2023-06-19T19:58:27.269Z",
            "user": 1,
            "content_type": 20,
            "object_id": "79",
            "object_repr": "",
            "action_flag": 3,
            "change_message": ""
        }
    },
    {
        "model": "admin.logentry",
        "pk": 62,
        "fields": {
            "action_time": "2023-06-25T00:08:38.417Z",
            "user": 1,
            "content_type": 20,
            "object_id": "90",
            "object_repr": "Look Closer",
            "action_flag": 3,
            "change_message": ""
        }
    },
    {
        "model": "admin.logentry",
        "pk": 63,
        "fields": {
            "action_time": "2023-06-25T00:08:38.434Z",
            "user": 1,
            "content_type": 20,
            "object_id": "89",
            "object_repr": "Look Closer",
            "action_flag": 3,
            "change_message": ""
        }
    },
    {
        "model": "admin.logentry",
        "pk": 64,
        "fields": {
            "action_time": "2023-06-25T00:08:38.450Z",
            "user": 1,
            "content_type": 20,
            "object_id": "88",
            "object_repr": "Love is all you need",
            "action_flag": 3,
            "change_message": ""
        }
    },
    {
        "model": "admin.logentry",
        "pk": 65,
        "fields": {
            "action_time": "2023-06-25T00:08:38.465Z",
            "user": 1,
            "content_type": 20,
            "object_id": "87",
            "object_repr": "Love is all you need",
            "action_flag": 3,
            "change_message": ""
        }
    },
    {
        "model": "admin.logentry",
        "pk": 66,
        "fields": {
            "action_time": "2023-06-25T00:08:38.483Z",
            "user": 1,
            "content_type": 20,
            "object_id": "86",
            "object_repr": "Love is all you need",
            "action_flag": 3,
            "change_message": ""
        }
    },
    {
        "model": "admin.logentry",
        "pk": 67,
        "fields": {
            "action_time": "2023-06-25T00:08:38.502Z",
            "user": 1,
            "content_type": 20,
            "object_id": "85",
            "object_repr": "Love is all you need",
            "action_flag": 3,
            "change_message": ""
        }
    },
    {
        "model": "admin.logentry",
        "pk": 68,
        "fields": {
            "action_time": "2023-06-25T00:08:38.518Z",
            "user": 1,
            "content_type": 20,
            "object_id": "70",
            "object_repr": "nana",
            "action_flag": 3,
            "change_message": ""
        }
    },
    {
        "model": "admin.logentry",
        "pk": 69,
        "fields": {
            "action_time": "2023-06-25T16:05:21.672Z",
            "user": 1,
            "content_type": 21,
            "object_id": "4",
            "object_repr": "Fishy Business",
            "action_flag": 2,
            "change_message": "[{\"changed\": {\"fields\": [\"Image\"]}}]"
        }
    },
    {
        "model": "admin.logentry",
        "pk": 70,
        "fields": {
            "action_time": "2023-06-25T16:34:56.319Z",
            "user": 1,
            "content_type": 21,
            "object_id": "2",
            "object_repr": "Space Cakes",
            "action_flag": 2,
            "change_message": "[{\"changed\": {\"fields\": [\"Title\", \"User\", \"Image\"]}}]"
        }
    },
    {
        "model": "admin.logentry",
        "pk": 71,
        "fields": {
            "action_time": "2023-06-25T16:52:24.104Z",
            "user": 1,
            "content_type": 21,
            "object_id": "3",
            "object_repr": "High Desert",
            "action_flag": 2,
            "change_message": "[{\"changed\": {\"fields\": [\"Title\", \"User\", \"Artwork description\", \"Image\"]}}]"
        }
    },
    {
        "model": "admin.logentry",
        "pk": 72,
        "fields": {
            "action_time": "2023-06-25T16:53:01.112Z",
            "user": 1,
            "content_type": 4,
            "object_id": "7",
            "object_repr": "betaf1shh",
            "action_flag": 1,
            "change_message": "[{\"added\": {}}]"
        }
    },
    {
        "model": "admin.logentry",
        "pk": 73,
        "fields": {
            "action_time": "2023-06-25T16:53:20.541Z",
            "user": 1,
            "content_type": 4,
            "object_id": "8",
            "object_repr": "Mike",
            "action_flag": 1,
            "change_message": "[{\"added\": {}}]"
        }
    },
    {
        "model": "admin.logentry",
        "pk": 74,
        "fields": {
            "action_time": "2023-06-25T16:53:55.896Z",
            "user": 1,
            "content_type": 21,
            "object_id": "5",
            "object_repr": "Banana Pop",
            "action_flag": 1,
            "change_message": "[{\"added\": {}}]"
        }
    },
    {
        "model": "admin.logentry",
        "pk": 75,
        "fields": {
            "action_time": "2023-06-25T17:02:46.623Z",
            "user": 1,
            "content_type": 21,
            "object_id": "1",
            "object_repr": "Pinky Leap",
            "action_flag": 3,
            "change_message": ""
        }
    },
    {
        "model": "admin.logentry",
        "pk": 76,
        "fields": {
            "action_time": "2023-06-25T17:47:35.627Z",
            "user": 1,
            "content_type": 21,
            "object_id": "8",
            "object_repr": "Fire Wild",
            "action_flag": 3,
            "change_message": ""
        }
    },
    {
        "model": "admin.logentry",
        "pk": 77,
        "fields": {
            "action_time": "2023-06-25T17:47:58.688Z",
            "user": 1,
            "content_type": 21,
            "object_id": "7",
            "object_repr": "Weeping",
            "action_flag": 3,
            "change_message": ""
        }
    },
    {
        "model": "admin.logentry",
        "pk": 78,
        "fields": {
            "action_time": "2023-06-25T17:47:58.705Z",
            "user": 1,
            "content_type": 21,
            "object_id": "6",
            "object_repr": "Weeping Willows",
            "action_flag": 3,
            "change_message": ""
        }
    },
    {
        "model": "admin.logentry",
        "pk": 79,
        "fields": {
            "action_time": "2023-06-25T17:56:45.675Z",
            "user": 1,
            "content_type": 21,
            "object_id": "10",
            "object_repr": "Weepzx",
            "action_flag": 3,
            "change_message": ""
        }
    },
    {
        "model": "admin.logentry",
        "pk": 80,
        "fields": {
            "action_time": "2023-06-25T17:56:45.696Z",
            "user": 1,
            "content_type": 21,
            "object_id": "9",
            "object_repr": "",
            "action_flag": 3,
            "change_message": ""
        }
    },
    {
        "model": "admin.logentry",
        "pk": 81,
        "fields": {
            "action_time": "2023-06-25T17:59:31.267Z",
            "user": 1,
            "content_type": 21,
            "object_id": "14",
            "object_repr": "hardy har",
            "action_flag": 3,
            "change_message": ""
        }
    },
    {
        "model": "admin.logentry",
        "pk": 82,
        "fields": {
            "action_time": "2023-06-25T17:59:31.290Z",
            "user": 1,
            "content_type": 21,
            "object_id": "13",
            "object_repr": "",
            "action_flag": 3,
            "change_message": ""
        }
    },
    {
        "model": "admin.logentry",
        "pk": 83,
        "fields": {
            "action_time": "2023-06-27T01:59:52.567Z",
            "user": 1,
            "content_type": 21,
            "object_id": "5",
            "object_repr": "Banana Pop",
            "action_flag": 2,
            "change_message": "[{\"changed\": {\"fields\": [\"Image\"]}}]"
        }
    },
    {
        "model": "admin.logentry",
        "pk": 84,
        "fields": {
            "action_time": "2023-06-27T02:00:09.808Z",
            "user": 1,
            "content_type": 21,
            "object_id": "4",
            "object_repr": "Fishy Business",
            "action_flag": 2,
            "change_message": "[{\"changed\": {\"fields\": [\"Image\"]}}]"
        }
    },
    {
        "model": "admin.logentry",
        "pk": 85,
        "fields": {
            "action_time": "2023-06-27T02:00:21.623Z",
            "user": 1,
            "content_type": 21,
            "object_id": "3",
            "object_repr": "High Desert",
            "action_flag": 2,
            "change_message": "[{\"changed\": {\"fields\": [\"Image\"]}}]"
        }
    },
    {
        "model": "admin.logentry",
        "pk": 86,
        "fields": {
            "action_time": "2023-06-27T02:00:29.168Z",
            "user": 1,
            "content_type": 21,
            "object_id": "2",
            "object_repr": "Space Cakes",
            "action_flag": 2,
            "change_message": "[{\"changed\": {\"fields\": [\"Image\"]}}]"
        }
    },
    {
        "model": "admin.logentry",
        "pk": 87,
        "fields": {
            "action_time": "2023-06-29T04:32:32.420Z",
            "user": 1,
            "content_type": 21,
            "object_id": "21",
            "object_repr": "Mad World",
            "action_flag": 3,
            "change_message": ""
        }
    },
    {
        "model": "admin.logentry",
        "pk": 88,
        "fields": {
            "action_time": "2023-06-29T04:44:38.733Z",
            "user": 1,
            "content_type": 21,
            "object_id": "22",
            "object_repr": "Mad World",
            "action_flag": 3,
            "change_message": ""
        }
    },
    {
        "model": "admin.logentry",
        "pk": 89,
        "fields": {
            "action_time": "2023-06-29T05:16:05.458Z",
            "user": 1,
            "content_type": 21,
            "object_id": "18",
            "object_repr": "Nana Pop",
            "action_flag": 2,
            "change_message": "[{\"changed\": {\"fields\": [\"User\"]}}]"
        }
    },
    {
        "model": "admin.logentry",
        "pk": 90,
        "fields": {
            "action_time": "2023-06-29T05:16:14.943Z",
            "user": 1,
            "content_type": 21,
            "object_id": "26",
            "object_repr": "New Vase",
            "action_flag": 2,
            "change_message": "[{\"changed\": {\"fields\": [\"User\"]}}]"
        }
    },
    {
        "model": "admin.logentry",
        "pk": 91,
        "fields": {
            "action_time": "2023-06-29T05:16:34.410Z",
            "user": 1,
            "content_type": 21,
            "object_id": "25",
            "object_repr": "Old Kicks",
            "action_flag": 3,
            "change_message": ""
        }
    },
    {
        "model": "admin.logentry",
        "pk": 92,
        "fields": {
            "action_time": "2023-06-29T05:16:55.337Z",
            "user": 1,
            "content_type": 21,
            "object_id": "23",
            "object_repr": "Mad World",
            "action_flag": 3,
            "change_message": ""
        }
    },
    {
        "model": "admin.logentry",
        "pk": 93,
        "fields": {
            "action_time": "2023-06-29T05:21:40.145Z",
            "user": 1,
            "content_type": 21,
            "object_id": "27",
            "object_repr": "Mad World",
            "action_flag": 3,
            "change_message": ""
        }
    },
    {
        "model": "admin.logentry",
        "pk": 94,
        "fields": {
            "action_time": "2023-06-29T05:28:49.451Z",
            "user": 1,
            "content_type": 21,
            "object_id": "29",
            "object_repr": "Soda Pop",
            "action_flag": 3,
            "change_message": ""
        }
    },
    {
        "model": "admin.logentry",
        "pk": 95,
        "fields": {
            "action_time": "2023-06-29T17:50:42.800Z",
            "user": 1,
            "content_type": 21,
            "object_id": "30",
            "object_repr": "Cloud dreams",
            "action_flag": 3,
            "change_message": ""
        }
    },
    {
        "model": "admin.logentry",
        "pk": 96,
        "fields": {
            "action_time": "2023-06-30T00:18:29.447Z",
            "user": 1,
            "content_type": 22,
            "object_id": "1",
            "object_repr": "pop art",
            "action_flag": 1,
            "change_message": "[{\"added\": {}}]"
        }
    },
    {
        "model": "admin.logentry",
        "pk": 97,
        "fields": {
            "action_time": "2023-06-30T00:18:44.290Z",
            "user": 1,
            "content_type": 22,
            "object_id": "2",
            "object_repr": "retro",
            "action_flag": 1,
            "change_message": "[{\"added\": {}}]"
        }
    },
    {
        "model": "admin.logentry",
        "pk": 98,
        "fields": {
            "action_time": "2023-06-30T00:19:20.202Z",
            "user": 1,
            "content_type": 22,
            "object_id": "3",
            "object_repr": "surrealism",
            "action_flag": 1,
            "change_message": "[{\"added\": {}}]"
        }
    },
    {
        "model": "admin.logentry",
        "pk": 99,
        "fields": {
            "action_time": "2023-06-30T00:19:41.331Z",
            "user": 1,
            "content_type": 22,
            "object_id": "4",
            "object_repr": "manipulation",
            "action_flag": 1,
            "change_message": "[{\"added\": {}}]"
        }
    },
    {
        "model": "admin.logentry",
        "pk": 100,
        "fields": {
            "action_time": "2023-06-30T00:30:29.122Z",
            "user": 1,
            "content_type": 21,
            "object_id": "40",
            "object_repr": "Here we go",
            "action_flag": 2,
            "change_message": "[{\"changed\": {\"fields\": [\"Style\"]}}]"
        }
    },
    {
        "model": "admin.logentry",
        "pk": 101,
        "fields": {
            "action_time": "2023-06-30T00:36:44.078Z",
            "user": 1,
            "content_type": 21,
            "object_id": "39",
            "object_repr": "Sunny days",
            "action_flag": 2,
            "change_message": "[{\"changed\": {\"fields\": [\"Style\"]}}]"
        }
    },
    {
        "model": "admin.logentry",
        "pk": 102,
        "fields": {
            "action_time": "2023-06-30T00:36:56.634Z",
            "user": 1,
            "content_type": 21,
            "object_id": "35",
            "object_repr": "Space Baby",
            "action_flag": 2,
            "change_message": "[{\"changed\": {\"fields\": [\"Style\"]}}]"
        }
    },
    {
        "model": "admin.logentry",
        "pk": 103,
        "fields": {
            "action_time": "2023-06-30T01:49:02.999Z",
            "user": 1,
            "content_type": 4,
            "object_id": "12",
            "object_repr": "Max",
            "action_flag": 1,
            "change_message": "[{\"added\": {}}]"
        }
    },
    {
        "model": "admin.logentry",
        "pk": 104,
        "fields": {
            "action_time": "2023-06-30T01:49:22.559Z",
            "user": 1,
            "content_type": 21,
            "object_id": "31",
            "object_repr": "Orca fun",
            "action_flag": 2,
            "change_message": "[{\"changed\": {\"fields\": [\"User\"]}}]"
        }
    },
    {
        "model": "admin.logentry",
        "pk": 105,
        "fields": {
            "action_time": "2023-06-30T01:51:42.322Z",
            "user": 1,
            "content_type": 22,
            "object_id": "5",
            "object_repr": "digital-art",
            "action_flag": 1,
            "change_message": "[{\"added\": {}}]"
        }
    },
    {
        "model": "admin.logentry",
        "pk": 106,
        "fields": {
            "action_time": "2023-06-30T01:52:57.621Z",
            "user": 1,
            "content_type": 21,
            "object_id": "38",
            "object_repr": "Duo",
            "action_flag": 2,
            "change_message": "[{\"changed\": {\"fields\": [\"User\", \"Style\"]}}]"
        }
    },
    {
        "model": "admin.logentry",
        "pk": 107,
        "fields": {
            "action_time": "2023-06-30T01:53:17.521Z",
            "user": 1,
            "content_type": 21,
            "object_id": "37",
            "object_repr": "Jake, the Evil Chihuahua",
            "action_flag": 2,
            "change_message": "[{\"changed\": {\"fields\": [\"User\", \"Style\"]}}]"
        }
    },
    {
        "model": "auth.permission",
        "pk": 1,
        "fields": {
            "name": "Can add log entry",
            "content_type": 1,
            "codename": "add_logentry"
        }
    },
    {
        "model": "auth.permission",
        "pk": 2,
        "fields": {
            "name": "Can change log entry",
            "content_type": 1,
            "codename": "change_logentry"
        }
    },
    {
        "model": "auth.permission",
        "pk": 3,
        "fields": {
            "name": "Can delete log entry",
            "content_type": 1,
            "codename": "delete_logentry"
        }
    },
    {
        "model": "auth.permission",
        "pk": 4,
        "fields": {
            "name": "Can view log entry",
            "content_type": 1,
            "codename": "view_logentry"
        }
    },
    {
        "model": "auth.permission",
        "pk": 5,
        "fields": {
            "name": "Can add permission",
            "content_type": 2,
            "codename": "add_permission"
        }
    },
    {
        "model": "auth.permission",
        "pk": 6,
        "fields": {
            "name": "Can change permission",
            "content_type": 2,
            "codename": "change_permission"
        }
    },
    {
        "model": "auth.permission",
        "pk": 7,
        "fields": {
            "name": "Can delete permission",
            "content_type": 2,
            "codename": "delete_permission"
        }
    },
    {
        "model": "auth.permission",
        "pk": 8,
        "fields": {
            "name": "Can view permission",
            "content_type": 2,
            "codename": "view_permission"
        }
    },
    {
        "model": "auth.permission",
        "pk": 9,
        "fields": {
            "name": "Can add group",
            "content_type": 3,
            "codename": "add_group"
        }
    },
    {
        "model": "auth.permission",
        "pk": 10,
        "fields": {
            "name": "Can change group",
            "content_type": 3,
            "codename": "change_group"
        }
    },
    {
        "model": "auth.permission",
        "pk": 11,
        "fields": {
            "name": "Can delete group",
            "content_type": 3,
            "codename": "delete_group"
        }
    },
    {
        "model": "auth.permission",
        "pk": 12,
        "fields": {
            "name": "Can view group",
            "content_type": 3,
            "codename": "view_group"
        }
    },
    {
        "model": "auth.permission",
        "pk": 13,
        "fields": {
            "name": "Can add user",
            "content_type": 4,
            "codename": "add_user"
        }
    },
    {
        "model": "auth.permission",
        "pk": 14,
        "fields": {
            "name": "Can change user",
            "content_type": 4,
            "codename": "change_user"
        }
    },
    {
        "model": "auth.permission",
        "pk": 15,
        "fields": {
            "name": "Can delete user",
            "content_type": 4,
            "codename": "delete_user"
        }
    },
    {
        "model": "auth.permission",
        "pk": 16,
        "fields": {
            "name": "Can view user",
            "content_type": 4,
            "codename": "view_user"
        }
    },
    {
        "model": "auth.permission",
        "pk": 17,
        "fields": {
            "name": "Can add content type",
            "content_type": 5,
            "codename": "add_contenttype"
        }
    },
    {
        "model": "auth.permission",
        "pk": 18,
        "fields": {
            "name": "Can change content type",
            "content_type": 5,
            "codename": "change_contenttype"
        }
    },
    {
        "model": "auth.permission",
        "pk": 19,
        "fields": {
            "name": "Can delete content type",
            "content_type": 5,
            "codename": "delete_contenttype"
        }
    },
    {
        "model": "auth.permission",
        "pk": 20,
        "fields": {
            "name": "Can view content type",
            "content_type": 5,
            "codename": "view_contenttype"
        }
    },
    {
        "model": "auth.permission",
        "pk": 21,
        "fields": {
            "name": "Can add session",
            "content_type": 6,
            "codename": "add_session"
        }
    },
    {
        "model": "auth.permission",
        "pk": 22,
        "fields": {
            "name": "Can change session",
            "content_type": 6,
            "codename": "change_session"
        }
    },
    {
        "model": "auth.permission",
        "pk": 23,
        "fields": {
            "name": "Can delete session",
            "content_type": 6,
            "codename": "delete_session"
        }
    },
    {
        "model": "auth.permission",
        "pk": 24,
        "fields": {
            "name": "Can view session",
            "content_type": 6,
            "codename": "view_session"
        }
    },
    {
        "model": "auth.permission",
        "pk": 25,
        "fields": {
            "name": "Can add site",
            "content_type": 7,
            "codename": "add_site"
        }
    },
    {
        "model": "auth.permission",
        "pk": 26,
        "fields": {
            "name": "Can change site",
            "content_type": 7,
            "codename": "change_site"
        }
    },
    {
        "model": "auth.permission",
        "pk": 27,
        "fields": {
            "name": "Can delete site",
            "content_type": 7,
            "codename": "delete_site"
        }
    },
    {
        "model": "auth.permission",
        "pk": 28,
        "fields": {
            "name": "Can view site",
            "content_type": 7,
            "codename": "view_site"
        }
    },
    {
        "model": "auth.permission",
        "pk": 29,
        "fields": {
            "name": "Can add category",
            "content_type": 8,
            "codename": "add_category"
        }
    },
    {
        "model": "auth.permission",
        "pk": 30,
        "fields": {
            "name": "Can change category",
            "content_type": 8,
            "codename": "change_category"
        }
    },
    {
        "model": "auth.permission",
        "pk": 31,
        "fields": {
            "name": "Can delete category",
            "content_type": 8,
            "codename": "delete_category"
        }
    },
    {
        "model": "auth.permission",
        "pk": 32,
        "fields": {
            "name": "Can view category",
            "content_type": 8,
            "codename": "view_category"
        }
    },
    {
        "model": "auth.permission",
        "pk": 33,
        "fields": {
            "name": "Can add product",
            "content_type": 9,
            "codename": "add_product"
        }
    },
    {
        "model": "auth.permission",
        "pk": 34,
        "fields": {
            "name": "Can change product",
            "content_type": 9,
            "codename": "change_product"
        }
    },
    {
        "model": "auth.permission",
        "pk": 35,
        "fields": {
            "name": "Can delete product",
            "content_type": 9,
            "codename": "delete_product"
        }
    },
    {
        "model": "auth.permission",
        "pk": 36,
        "fields": {
            "name": "Can view product",
            "content_type": 9,
            "codename": "view_product"
        }
    },
    {
        "model": "auth.permission",
        "pk": 37,
        "fields": {
            "name": "Can add order",
            "content_type": 10,
            "codename": "add_order"
        }
    },
    {
        "model": "auth.permission",
        "pk": 38,
        "fields": {
            "name": "Can change order",
            "content_type": 10,
            "codename": "change_order"
        }
    },
    {
        "model": "auth.permission",
        "pk": 39,
        "fields": {
            "name": "Can delete order",
            "content_type": 10,
            "codename": "delete_order"
        }
    },
    {
        "model": "auth.permission",
        "pk": 40,
        "fields": {
            "name": "Can view order",
            "content_type": 10,
            "codename": "view_order"
        }
    },
    {
        "model": "auth.permission",
        "pk": 41,
        "fields": {
            "name": "Can add order item",
            "content_type": 11,
            "codename": "add_orderitem"
        }
    },
    {
        "model": "auth.permission",
        "pk": 42,
        "fields": {
            "name": "Can change order item",
            "content_type": 11,
            "codename": "change_orderitem"
        }
    },
    {
        "model": "auth.permission",
        "pk": 43,
        "fields": {
            "name": "Can delete order item",
            "content_type": 11,
            "codename": "delete_orderitem"
        }
    },
    {
        "model": "auth.permission",
        "pk": 44,
        "fields": {
            "name": "Can view order item",
            "content_type": 11,
            "codename": "view_orderitem"
        }
    },
    {
        "model": "auth.permission",
        "pk": 45,
        "fields": {
            "name": "Can add email address",
            "content_type": 12,
            "codename": "add_emailaddress"
        }
    },
    {
        "model": "auth.permission",
        "pk": 46,
        "fields": {
            "name": "Can change email address",
            "content_type": 12,
            "codename": "change_emailaddress"
        }
    },
    {
        "model": "auth.permission",
        "pk": 47,
        "fields": {
            "name": "Can delete email address",
            "content_type": 12,
            "codename": "delete_emailaddress"
        }
    },
    {
        "model": "auth.permission",
        "pk": 48,
        "fields": {
            "name": "Can view email address",
            "content_type": 12,
            "codename": "view_emailaddress"
        }
    },
    {
        "model": "auth.permission",
        "pk": 49,
        "fields": {
            "name": "Can add email confirmation",
            "content_type": 13,
            "codename": "add_emailconfirmation"
        }
    },
    {
        "model": "auth.permission",
        "pk": 50,
        "fields": {
            "name": "Can change email confirmation",
            "content_type": 13,
            "codename": "change_emailconfirmation"
        }
    },
    {
        "model": "auth.permission",
        "pk": 51,
        "fields": {
            "name": "Can delete email confirmation",
            "content_type": 13,
            "codename": "delete_emailconfirmation"
        }
    },
    {
        "model": "auth.permission",
        "pk": 52,
        "fields": {
            "name": "Can view email confirmation",
            "content_type": 13,
            "codename": "view_emailconfirmation"
        }
    },
    {
        "model": "auth.permission",
        "pk": 53,
        "fields": {
            "name": "Can add social account",
            "content_type": 14,
            "codename": "add_socialaccount"
        }
    },
    {
        "model": "auth.permission",
        "pk": 54,
        "fields": {
            "name": "Can change social account",
            "content_type": 14,
            "codename": "change_socialaccount"
        }
    },
    {
        "model": "auth.permission",
        "pk": 55,
        "fields": {
            "name": "Can delete social account",
            "content_type": 14,
            "codename": "delete_socialaccount"
        }
    },
    {
        "model": "auth.permission",
        "pk": 56,
        "fields": {
            "name": "Can view social account",
            "content_type": 14,
            "codename": "view_socialaccount"
        }
    },
    {
        "model": "auth.permission",
        "pk": 57,
        "fields": {
            "name": "Can add social application",
            "content_type": 15,
            "codename": "add_socialapp"
        }
    },
    {
        "model": "auth.permission",
        "pk": 58,
        "fields": {
            "name": "Can change social application",
            "content_type": 15,
            "codename": "change_socialapp"
        }
    },
    {
        "model": "auth.permission",
        "pk": 59,
        "fields": {
            "name": "Can delete social application",
            "content_type": 15,
            "codename": "delete_socialapp"
        }
    },
    {
        "model": "auth.permission",
        "pk": 60,
        "fields": {
            "name": "Can view social application",
            "content_type": 15,
            "codename": "view_socialapp"
        }
    },
    {
        "model": "auth.permission",
        "pk": 61,
        "fields": {
            "name": "Can add social application token",
            "content_type": 16,
            "codename": "add_socialtoken"
        }
    },
    {
        "model": "auth.permission",
        "pk": 62,
        "fields": {
            "name": "Can change social application token",
            "content_type": 16,
            "codename": "change_socialtoken"
        }
    },
    {
        "model": "auth.permission",
        "pk": 63,
        "fields": {
            "name": "Can delete social application token",
            "content_type": 16,
            "codename": "delete_socialtoken"
        }
    },
    {
        "model": "auth.permission",
        "pk": 64,
        "fields": {
            "name": "Can view social application token",
            "content_type": 16,
            "codename": "view_socialtoken"
        }
    },
    {
        "model": "auth.permission",
        "pk": 65,
        "fields": {
            "name": "Can add profile",
            "content_type": 17,
            "codename": "add_profile"
        }
    },
    {
        "model": "auth.permission",
        "pk": 66,
        "fields": {
            "name": "Can change profile",
            "content_type": 17,
            "codename": "change_profile"
        }
    },
    {
        "model": "auth.permission",
        "pk": 67,
        "fields": {
            "name": "Can delete profile",
            "content_type": 17,
            "codename": "delete_profile"
        }
    },
    {
        "model": "auth.permission",
        "pk": 68,
        "fields": {
            "name": "Can view profile",
            "content_type": 17,
            "codename": "view_profile"
        }
    },
    {
        "model": "auth.permission",
        "pk": 69,
        "fields": {
            "name": "Can add artist info",
            "content_type": 18,
            "codename": "add_artistinfo"
        }
    },
    {
        "model": "auth.permission",
        "pk": 70,
        "fields": {
            "name": "Can change artist info",
            "content_type": 18,
            "codename": "change_artistinfo"
        }
    },
    {
        "model": "auth.permission",
        "pk": 71,
        "fields": {
            "name": "Can delete artist info",
            "content_type": 18,
            "codename": "delete_artistinfo"
        }
    },
    {
        "model": "auth.permission",
        "pk": 72,
        "fields": {
            "name": "Can view artist info",
            "content_type": 18,
            "codename": "view_artistinfo"
        }
    },
    {
        "model": "auth.permission",
        "pk": 73,
        "fields": {
            "name": "Can add user artwork",
            "content_type": 19,
            "codename": "add_userartwork"
        }
    },
    {
        "model": "auth.permission",
        "pk": 74,
        "fields": {
            "name": "Can change user artwork",
            "content_type": 19,
            "codename": "change_userartwork"
        }
    },
    {
        "model": "auth.permission",
        "pk": 75,
        "fields": {
            "name": "Can delete user artwork",
            "content_type": 19,
            "codename": "delete_userartwork"
        }
    },
    {
        "model": "auth.permission",
        "pk": 76,
        "fields": {
            "name": "Can view user artwork",
            "content_type": 19,
            "codename": "view_userartwork"
        }
    },
    {
        "model": "auth.permission",
        "pk": 77,
        "fields": {
            "name": "Can add hugo",
            "content_type": 20,
            "codename": "add_hugo"
        }
    },
    {
        "model": "auth.permission",
        "pk": 78,
        "fields": {
            "name": "Can change hugo",
            "content_type": 20,
            "codename": "change_hugo"
        }
    },
    {
        "model": "auth.permission",
        "pk": 79,
        "fields": {
            "name": "Can delete hugo",
            "content_type": 20,
            "codename": "delete_hugo"
        }
    },
    {
        "model": "auth.permission",
        "pk": 80,
        "fields": {
            "name": "Can view hugo",
            "content_type": 20,
            "codename": "view_hugo"
        }
    },
    {
        "model": "auth.permission",
        "pk": 81,
        "fields": {
            "name": "Can add artwork",
            "content_type": 21,
            "codename": "add_artwork"
        }
    },
    {
        "model": "auth.permission",
        "pk": 82,
        "fields": {
            "name": "Can change artwork",
            "content_type": 21,
            "codename": "change_artwork"
        }
    },
    {
        "model": "auth.permission",
        "pk": 83,
        "fields": {
            "name": "Can delete artwork",
            "content_type": 21,
            "codename": "delete_artwork"
        }
    },
    {
        "model": "auth.permission",
        "pk": 84,
        "fields": {
            "name": "Can view artwork",
            "content_type": 21,
            "codename": "view_artwork"
        }
    },
    {
        "model": "auth.permission",
        "pk": 85,
        "fields": {
            "name": "Can add style",
            "content_type": 22,
            "codename": "add_style"
        }
    },
    {
        "model": "auth.permission",
        "pk": 86,
        "fields": {
            "name": "Can change style",
            "content_type": 22,
            "codename": "change_style"
        }
    },
    {
        "model": "auth.permission",
        "pk": 87,
        "fields": {
            "name": "Can delete style",
            "content_type": 22,
            "codename": "delete_style"
        }
    },
    {
        "model": "auth.permission",
        "pk": 88,
        "fields": {
            "name": "Can view style",
            "content_type": 22,
            "codename": "view_style"
        }
    },
    {
        "model": "auth.user",
        "pk": 1,
        "fields": {
            "password": "pbkdf2_sha256$260000$D2cBoMlyz0Mu8C5fbMP4BO$3u6xTrP3Z5cVnzLhEd6GB7s9l8AMTsJjiQ432DU3o2U=",
            "last_login": "2023-06-27T01:11:33.493Z",
            "is_superuser": true,
            "username": "alissa",
            "first_name": "",
            "last_name": "",
            "email": "btech373@gmail.com",
            "is_staff": true,
            "is_active": true,
            "date_joined": "2023-02-27T21:40:48.289Z",
            "groups": [],
            "user_permissions": []
        }
    },
    {
        "model": "auth.user",
        "pk": 2,
        "fields": {
            "password": "pbkdf2_sha256$260000$9oeHmEXhHIUNxxaazrssBG$NUwCz87S0EKVBPNMC2hk93ApNvLtwSwxINXq/CcwKQU=",
            "last_login": null,
            "is_superuser": false,
            "username": "test89",
            "first_name": "",
            "last_name": "",
            "email": "troianoali@gmail.com",
            "is_staff": false,
            "is_active": true,
            "date_joined": "2023-03-01T21:13:46.730Z",
            "groups": [],
            "user_permissions": []
        }
    },
    {
        "model": "auth.user",
        "pk": 3,
        "fields": {
            "password": "pbkdf2_sha256$260000$j84mcebHziEaggxd7NmWCo$bm8FcIkezKdIrvPjWM1GPmKe4i3pfcvuFHb096c/2JA=",
            "last_login": null,
            "is_superuser": false,
            "username": "ttest90",
            "first_name": "",
            "last_name": "",
            "email": "theb3tafish@gmail.com",
            "is_staff": false,
            "is_active": true,
            "date_joined": "2023-03-01T21:16:05.985Z",
            "groups": [],
            "user_permissions": []
        }
    },
    {
        "model": "auth.user",
        "pk": 4,
        "fields": {
            "password": "pbkdf2_sha256$260000$t7hKgyQLN9g2p8scC3N2Xn$e4y43jXMKSmq3rqg2AVN8j0eX8oRC9c5YjlzzpP8niw=",
            "last_login": null,
            "is_superuser": false,
            "username": "test1000",
            "first_name": "",
            "last_name": "",
            "email": "alissatroiano@alissatroiano.com",
            "is_staff": false,
            "is_active": true,
            "date_joined": "2023-03-01T22:10:56.439Z",
            "groups": [],
            "user_permissions": []
        }
    },
    {
        "model": "auth.user",
        "pk": 5,
        "fields": {
            "password": "pbkdf2_sha256$260000$6nrfQOEeCC9iVU6sOVWjtu$xvtOXJJw0yaKWGI1sXeB+/uO5BBqnNuMMCTUsbz0IY8=",
            "last_login": "2023-04-19T21:08:44.165Z",
            "is_superuser": true,
            "username": "admin",
            "first_name": "",
            "last_name": "",
            "email": "troianoali@gmail.com",
            "is_staff": true,
            "is_active": true,
            "date_joined": "2023-04-19T21:08:32.607Z",
            "groups": [],
            "user_permissions": []
        }
    },
    {
        "model": "auth.user",
        "pk": 6,
        "fields": {
            "password": "pbkdf2_sha256$260000$iPI5mwT1jluSVWuNidAiFb$dJveCe+1iIkBMe0O4GZedDOfLvP33zFz9HWTez+dxBE=",
            "last_login": "2023-06-13T21:24:15.926Z",
            "is_superuser": false,
            "username": "test123",
            "first_name": "",
            "last_name": "",
            "email": "test@test.dev",
            "is_staff": false,
            "is_active": true,
            "date_joined": "2023-05-20T23:47:18.812Z",
            "groups": [],
            "user_permissions": []
        }
    },
    {
        "model": "auth.user",
        "pk": 7,
        "fields": {
            "password": "pbkdf2_sha256$260000$dOmS7eSaozsUdDyHq3xtaN$YzONgvcXFeBDOKB6rwpf+4piVkjdpXBAC2NJtaJIQFg=",
            "last_login": null,
            "is_superuser": false,
            "username": "betaf1shh",
            "first_name": "",
            "last_name": "",
            "email": "",
            "is_staff": false,
            "is_active": true,
            "date_joined": "2023-06-25T16:53:00.756Z",
            "groups": [],
            "user_permissions": []
        }
    },
    {
        "model": "auth.user",
        "pk": 8,
        "fields": {
            "password": "pbkdf2_sha256$260000$LrIWvKxN6njhzxicBJ8iGE$8L64bHvRUvMHwMsoQrSp7YLNFD5rpb34Whh2e+5+pj4=",
            "last_login": null,
            "is_superuser": false,
            "username": "Mike",
            "first_name": "",
            "last_name": "",
            "email": "",
            "is_staff": false,
            "is_active": true,
            "date_joined": "2023-06-25T16:53:20.153Z",
            "groups": [],
            "user_permissions": []
        }
    },
    {
        "model": "auth.user",
        "pk": 9,
        "fields": {
            "password": "pbkdf2_sha256$260000$8ATiM3bWy1nJG65uzns0It$fe5k2RvLXwC6w0APLWy+kzyQD7i1Xx4H3SSrBQRiMvI=",
            "last_login": null,
            "is_superuser": true,
            "username": "root",
            "first_name": "",
            "last_name": "",
            "email": "btech373@gmail.com",
            "is_staff": true,
            "is_active": true,
            "date_joined": "2023-06-25T17:11:12.674Z",
            "groups": [],
            "user_permissions": []
        }
    },
    {
        "model": "auth.user",
        "pk": 10,
        "fields": {
            "password": "pbkdf2_sha256$260000$NLjJggpMIDJhzedTljN0xx$eQg+vsBmxzJER+8ag6mA+pz+rS4bywOUQMcfQbaCYg0=",
            "last_login": null,
            "is_superuser": true,
            "username": "admin_",
            "first_name": "",
            "last_name": "",
            "email": "bfake909@aol.com",
            "is_staff": true,
            "is_active": true,
            "date_joined": "2023-06-25T17:11:52.291Z",
            "groups": [],
            "user_permissions": []
        }
    },
    {
        "model": "auth.user",
        "pk": 11,
        "fields": {
            "password": "pbkdf2_sha256$260000$gqQLDT3R4aVXmffQb2qqtF$OXh7YF78CfncN/NMMHiQevSrg+RH7U9X8co1za1Zyc4=",
            "last_login": "2023-06-25T17:13:23.418Z",
            "is_superuser": true,
            "username": "manager",
            "first_name": "",
            "last_name": "",
            "email": "manager@aol.com",
            "is_staff": true,
            "is_active": true,
            "date_joined": "2023-06-25T17:12:50.573Z",
            "groups": [],
            "user_permissions": []
        }
    },
    {
        "model": "auth.user",
        "pk": 12,
        "fields": {
            "password": "pbkdf2_sha256$260000$QrmAFBEuqMDg2ayFQ9sDGl$Siwt3f7waUg9Or2PMDovL+ku7Hr57Ir79FD5Aaw380o=",
            "last_login": null,
            "is_superuser": false,
            "username": "Max",
            "first_name": "",
            "last_name": "",
            "email": "",
            "is_staff": false,
            "is_active": true,
            "date_joined": "2023-06-30T01:49:02.659Z",
            "groups": [],
            "user_permissions": []
        }
    },
    {
        "model": "contenttypes.contenttype",
        "pk": 1,
        "fields": {
            "app_label": "admin",
            "model": "logentry"
        }
    },
    {
        "model": "contenttypes.contenttype",
        "pk": 2,
        "fields": {
            "app_label": "auth",
            "model": "permission"
        }
    },
    {
        "model": "contenttypes.contenttype",
        "pk": 3,
        "fields": {
            "app_label": "auth",
            "model": "group"
        }
    },
    {
        "model": "contenttypes.contenttype",
        "pk": 4,
        "fields": {
            "app_label": "auth",
            "model": "user"
        }
    },
    {
        "model": "contenttypes.contenttype",
        "pk": 5,
        "fields": {
            "app_label": "contenttypes",
            "model": "contenttype"
        }
    },
    {
        "model": "contenttypes.contenttype",
        "pk": 6,
        "fields": {
            "app_label": "sessions",
            "model": "session"
        }
    },
    {
        "model": "contenttypes.contenttype",
        "pk": 7,
        "fields": {
            "app_label": "sites",
            "model": "site"
        }
    },
    {
        "model": "contenttypes.contenttype",
        "pk": 8,
        "fields": {
            "app_label": "shop",
            "model": "category"
        }
    },
    {
        "model": "contenttypes.contenttype",
        "pk": 9,
        "fields": {
            "app_label": "shop",
            "model": "product"
        }
    },
    {
        "model": "contenttypes.contenttype",
        "pk": 10,
        "fields": {
            "app_label": "checkout",
            "model": "order"
        }
    },
    {
        "model": "contenttypes.contenttype",
        "pk": 11,
        "fields": {
            "app_label": "checkout",
            "model": "orderitem"
        }
    },
    {
        "model": "contenttypes.contenttype",
        "pk": 12,
        "fields": {
            "app_label": "account",
            "model": "emailaddress"
        }
    },
    {
        "model": "contenttypes.contenttype",
        "pk": 13,
        "fields": {
            "app_label": "account",
            "model": "emailconfirmation"
        }
    },
    {
        "model": "contenttypes.contenttype",
        "pk": 14,
        "fields": {
            "app_label": "socialaccount",
            "model": "socialaccount"
        }
    },
    {
        "model": "contenttypes.contenttype",
        "pk": 15,
        "fields": {
            "app_label": "socialaccount",
            "model": "socialapp"
        }
    },
    {
        "model": "contenttypes.contenttype",
        "pk": 16,
        "fields": {
            "app_label": "socialaccount",
            "model": "socialtoken"
        }
    },
    {
        "model": "contenttypes.contenttype",
        "pk": 17,
        "fields": {
            "app_label": "profiles",
            "model": "profile"
        }
    },
    {
        "model": "contenttypes.contenttype",
        "pk": 18,
        "fields": {
            "app_label": "artists",
            "model": "artistinfo"
        }
    },
    {
        "model": "contenttypes.contenttype",
        "pk": 19,
        "fields": {
            "app_label": "hugo",
            "model": "userartwork"
        }
    },
    {
        "model": "contenttypes.contenttype",
        "pk": 20,
        "fields": {
            "app_label": "hugo",
            "model": "hugo"
        }
    },
    {
        "model": "contenttypes.contenttype",
        "pk": 21,
        "fields": {
            "app_label": "hugo",
            "model": "artwork"
        }
    },
    {
        "model": "contenttypes.contenttype",
        "pk": 22,
        "fields": {
            "app_label": "hugo",
            "model": "style"
        }
    },
    {
        "model": "sessions.session",
        "pk": "4xdg19f4w051lziy42b6bgvpu8zqw0aj",
        "fields": {
            "session_data": ".eJxVjEEOwiAQRe_C2pACAy0u3fcMZGAGqRqalHZlvLtt0oVu_3vvv0XAbS1ha7yEicRVKHH53SKmJ9cD0APrfZZprusyRXko8qRNjjPx63a6fwcFW9nrIStiB70hNBqAofNdylpppKw8G-61tclBNGyy9gMoZ7NzBHa3XQbx-QLVqTcc:1puglF:NSFLJqG0icL1K3j-0Cb_XyXgb-5YCKA637jnszb7DCs",
            "expire_date": "2023-05-18T21:45:13.113Z"
        }
    },
    {
        "model": "sessions.session",
        "pk": "4xjcgni5io6c3ltqpq0zvxxbnvi01a98",
        "fields": {
            "session_data": ".eJxVjMsOwiAUBf-FtSE8LrR06d5vIBQuFjVgoDUa47_bJt10e2bOfIlt2Foq2eL7meqHDFwwoxk7EeuWebJLw2pTIAPh5LCNzt8xbyDcXL4W6kueaxrpptCdNnopAR_n3T0EJtem9d1HHlBDJ4OTAgCBGeaj4MKFyA1K7IRSXsMoUUZheuBaRa0DqNXWEdZocy-0KcdChrku-PsDZ1hFrw:1pXutw:L1owYdicfmJm7j2Avapui-Q5IrH6SWG7jM4Dlefqslg",
            "expire_date": "2023-03-17T02:12:04.699Z"
        }
    },
    {
        "model": "sessions.session",
        "pk": "7nga8gpxkf92vw4ou12g1x2eu0j0yj30",
        "fields": {
            "session_data": "eyJjYXJ0Ijp7IjQiOjF9fQ:1pYWn5:u8XV5yz9u0aqp-NnkKQiGeGqe6kjoGr6urJdvmgXnf0",
            "expire_date": "2023-03-18T18:39:31.886Z"
        }
    },
    {
        "model": "sessions.session",
        "pk": "7wxqn3dvdmui7vt2m4yiq4qkic8jeaos",
        "fields": {
            "session_data": "eyJfc2Vzc2lvbl9leHBpcnkiOjB9:1ppEm9:c20A2GCsLp288FvuBGq65QUYnFcuVjOZ64TuJHeCqxM",
            "expire_date": "2023-05-03T20:51:37.125Z"
        }
    },
    {
        "model": "sessions.session",
        "pk": "9jxbdyc7bfbni53u3ir29hzmmkm9s4hc",
        "fields": {
            "session_data": ".eJxVjMsOwiAQRf-FtSE8hmlx6d5vIBQGixowpU00xn-3TbrQ7T3nnjdzfplHtzSaXI7syCQ7_G6DDzcqG4hXXy6Vh1rmKQ98U_hOGz_XSPfT7v4FRt_G9d0nGQmh09FrBUAgrAhJSeVjkpY0dcqYgDBo0knZHiSahBjBrDYm2KKNWsu1OHo-8vRiR6mERSE-X-bRP4s:1qDxEz:dNNnf1BYQ92T0tqBQ0hYbuKHi8TdjYVS4F3oIB1DDaM",
            "expire_date": "2023-07-11T01:11:33.559Z"
        }
    },
    {
        "model": "sessions.session",
        "pk": "bnpt0rgaf9teel4y2v46q351xukwq6px",
        "fields": {
            "session_data": ".eJxVjEEOwiAQRe_C2pACAy0u3fcMZGAGqRqalHZlvLtt0oVu_3vvv0XAbS1ha7yEicRVKHH53SKmJ9cD0APrfZZprusyRXko8qRNjjPx63a6fwcFW9nrIStiB70hNBqAofNdylpppKw8G-61tclBNGyy9gMoZ7NzBHa3XQbx-QLVqTcc:1q07Ci:OP22PmaK00j7D7lRJykXjvJduK6ezIEL0jW266qRDPw",
            "expire_date": "2023-06-02T21:00:00.445Z"
        }
    },
    {
        "model": "sessions.session",
        "pk": "bsd91y190f0310awbg5hy8x2mqhx0bpy",
        "fields": {
            "session_data": ".eJxVjMsOwiAQRf-FtSEFBvpYuvcbCGUGixpooE00xn-3TbrQ7T3nnjezbl0mu1YqNiIbmGCn3210_k5pB3hz6Zq5z2kpceS7wg9a-SUjPc6H-xeYXJ22dxcEkoFWoVMSgKDpGx-kkA6D6ElRK7X2BkZFKsi-A2F0MAZBb7YJsEcr1RpzsvScY3mxofl8AW4vPlk:1q0VCp:N_KccqFMWKo9MA5LeDxRh4E_xjNNgmalVu9JbEikAjc",
            "expire_date": "2023-06-03T22:37:43.850Z"
        }
    },
    {
        "model": "sessions.session",
        "pk": "c81ka5be23gh00lq4esjo2qihtbrk2m1",
        "fields": {
            "session_data": "eyJjYXJ0Ijp7IjUiOjF9fQ:1pxwUr:mXzUlIZWaJUkyNYfV4y_5OApjo8XEu9Wd80Hl8I0CD8",
            "expire_date": "2023-05-27T21:09:45.669Z"
        }
    },
    {
        "model": "sessions.session",
        "pk": "dlzil1h0q8aro2ag4c0eflbarfolbt5y",
        "fields": {
            "session_data": ".eJxVjMsOwiAQRf-FtSE8hmlx6d5vIBQGixowpU00xn-3TbrQ7T3nnjdzfplHtzSaXI7syCQ7_G6DDzcqG4hXXy6Vh1rmKQ98U_hOGz_XSPfT7v4FRt_G9d0nGQmh09FrBUAgrAhJSeVjkpY0dcqYgDBo0knZHiSahBjBrDYm2KKNWsu1OHo-8vRiR6mERSE-X-bRP4s:1pzIbq:MIMyZvSpVqPw-Cb-XuZHcvBdyBh6J-pXgTi-QPhQvws",
            "expire_date": "2023-05-31T14:58:34.212Z"
        }
    },
    {
        "model": "sessions.session",
        "pk": "f2iipdp3nvutmtpl5tq7gyuo6wnml47n",
        "fields": {
            "session_data": ".eJxVjMEOgyAQBf9lz4YILKgce-83EISl0jbagCZtjP9eTbx4fTPzVrCFSknTaOn7SfkHpq7AuzyDWQHBiK0C65Z5sEuhbFMAAxwuW-_8i8YDhKcbHxPz0zjn1LNDYSct7D4Fet9O93IwuDLsdRt5II2NDE4KRMK6q30UXLgQeUeSGqGU19hLklF0LXKtotYB1W7riLD9AV3LQok:1pk75A:PxrQteteTCnOsHAjLfHbl06yslr9zEUpOxOkARK7dmc",
            "expire_date": "2023-04-19T17:38:04.084Z"
        }
    },
    {
        "model": "sessions.session",
        "pk": "gok46wkolq8uqpx59daaie1axdx576ec",
        "fields": {
            "session_data": ".eJxVjMsOwiAQRf-FtSEFBvpYuvcbCGUGixpooE00xn-3TbrQ7T3nnjezbl0mu1YqNiIbmGCn3210_k5pB3hz6Zq5z2kpceS7wg9a-SUjPc6H-xeYXJ22dxcEkoFWoVMSgKDpGx-kkA6D6ElRK7X2BkZFKsi-A2F0MAZBb7YJsEcr1RpzsvScY3mxofl8AW4vPlk:1pugTA:3lKgls-_aSSPuP8xbzWLeH3gViG0jFONuY6dxmw7oVQ",
            "expire_date": "2023-05-18T21:26:32.754Z"
        }
    },
    {
        "model": "sessions.session",
        "pk": "jm1zx0m3u6t2ek4kgdari83f98dkvdcl",
        "fields": {
            "session_data": ".eJxVjssOwiAURP-FtSG3Qi_QpXu_gfC4WNSAKW2iMf671nSh2zlnJvNk1i3zaJdGk82RDQzZ7jfzLlyorCCeXTlVHmqZp-z5qvCNNn6ska6Hzf0bGF0bP20BAjuCTgplfAJ0CEkbpQL6PlEE06FHBPKSMPUqkDFGgFZSa9q7-H3VqLVci6X7LU8PNsDrDV06PnM:1q9BUt:ok-ChvVzDZsxsoYZJBFCGWlbcYfh7wZimX6aveNOBfQ",
            "expire_date": "2023-06-27T21:24:15.972Z"
        }
    },
    {
        "model": "sessions.session",
        "pk": "lmonnt6xoonm6lh9l2ypk3ul13ezns8q",
        "fields": {
            "session_data": ".eJxVjEEOwiAQRe_C2pACAy0u3fcMZGAGqRqalHZlvLtt0oVu_3vvv0XAbS1ha7yEicRVKHH53SKmJ9cD0APrfZZprusyRXko8qRNjjPx63a6fwcFW9nrIStiB70hNBqAofNdylpppKw8G-61tclBNGyy9gMoZ7NzBHa3XQbx-QLVqTcc:1plYTm:drXJE3TvewrpHScfal1yz8o4hGMzm7Qt6GAd5qRYI4U",
            "expire_date": "2023-04-23T17:05:26.393Z"
        }
    },
    {
        "model": "sessions.session",
        "pk": "m4ezitjm8eqhtl8xpm537fuxdm8w9qkv",
        "fields": {
            "session_data": ".eJxVjEEOwiAQRe_C2pACAy0u3fcMZGAGqRqalHZlvLtt0oVu_3vvv0XAbS1ha7yEicRVKHH53SKmJ9cD0APrfZZprusyRXko8qRNjjPx63a6fwcFW9nrIStiB70hNBqAofNdylpppKw8G-61tclBNGyy9gMoZ7NzBHa3XQbx-QLVqTcc:1q19f0:nxbJWFaMrmqddX6taz6AWrzi62MWxTP5O9kzU_Sbk0I",
            "expire_date": "2023-06-05T17:49:30.785Z"
        }
    },
    {
        "model": "sessions.session",
        "pk": "n2rp9o1cpimvuo7n4076x3pwz3mcb84q",
        "fields": {
            "session_data": ".eJxVjMsOwiAQRf-FtSEFBvpYuvcbCGUGixpooE00xn-3TbrQ7T3nnjezbl0mu1YqNiIbmGCn3210_k5pB3hz6Zq5z2kpceS7wg9a-SUjPc6H-xeYXJ22dxcEkoFWoVMSgKDpGx-kkA6D6ElRK7X2BkZFKsi-A2F0MAZBb7YJsEcr1RpzsvScY3mxofl8AW4vPlk:1q9ubZ:ME2CJ6EnjZgeBlHv4Kel44eLW8tNdwPsN-FRQKGCQEM",
            "expire_date": "2023-06-29T21:34:09.016Z"
        }
    },
    {
        "model": "sessions.session",
        "pk": "td57oen40zmaov31ahwfj2pkj5dazyl8",
        "fields": {
            "session_data": ".eJxVjMsOwiAQRf-FtSE8hmlx6d5vIBQGixowpU00xn-3TbrQ7T3nnjdzfplHtzSaXI7syCQ7_G6DDzcqG4hXXy6Vh1rmKQ98U_hOGz_XSPfT7v4FRt_G9d0nGQmh09FrBUAgrAhJSeVjkpY0dcqYgDBo0knZHiSahBjBrDYm2KKNWsu1OHo-8vRiR6mERSE-X-bRP4s:1q2Arq:NsyaATtWFnMHu30Lx1b1MZYNrrAHDNbLJWDewM2gfj8",
            "expire_date": "2023-06-08T13:18:58.735Z"
        }
    },
    {
        "model": "sessions.session",
        "pk": "tzsvcmz77p0j1u0e9y8s6p9l3zpeiw1u",
        "fields": {
            "session_data": ".eJxVjMEOwiAQRP-FsyGwwAIevfcbmoWlUjVtUtqT8d9tkx70OPPezFv0tK2131pZ-pHFVThx-e0S5WeZDsAPmu6zzPO0LmOShyJP2mQ3c3ndTvfvoFKr-9pmDskMWpEzVjMVyAOFPSFiBLTKFgcJwRjcYcTAvrAO3qsIBpQTny_fSzcQ:1ppF2i:crNCUeSc2WR50ZxNX6RvZip2hZLt4k2VNXrXH05qN-k",
            "expire_date": "2023-05-03T21:08:44.173Z"
        }
    },
    {
        "model": "sessions.session",
        "pk": "uljlfqx6hlxkyz38sk7e4lrvm2xc51s8",
        "fields": {
            "session_data": ".eJxVjssOwiAURP-FtSGX0l7ApXu_gfC4WNSAKW2iMf671nSh2zlnJvNk1i3zaJdGk82R7Rmy3W_mXbhQWUE8u3KqPNQyT9nzVeEbbfxYI10Pm_s3MLo2ftoSJAoC0UtlfAJ0CEkbpQL6IVEEI9AjAvmeMA0qkDFGgla91tS5-H3VqLVci6X7LU8PthcdGAR4vQHWeD-l:1q20g3:gsE7_pz-sfaYGJeKcjGCL8rxbBZfz27OUvDI0InI4F4",
            "expire_date": "2023-06-08T02:26:07.323Z"
        }
    },
    {
        "model": "sessions.session",
        "pk": "unm5r9fqv63ghz0x5dtt3lpo2d5crizv",
        "fields": {
            "session_data": ".eJxVjMsOwiAQRf-FtSEFBvpYuvcbCGUGixpooE00xn-3TbrQ7T3nnjezbl0mu1YqNiIbmGCn3210_k5pB3hz6Zq5z2kpceS7wg9a-SUjPc6H-xeYXJ22dxcEkoFWoVMSgKDpGx-kkA6D6ElRK7X2BkZFKsi-A2F0MAZBb7YJsEcr1RpzsvScY3mxofl8AW4vPlk:1qDTNb:EI0_en-WLkfqHwbAzQdfyebtHA_f-VHy4mr4pHzAPmk",
            "expire_date": "2023-07-09T17:18:27.123Z"
        }
    },
    {
        "model": "sessions.session",
        "pk": "xq80x03lot8rsnmnhdnl27heohe1kza4",
        "fields": {
            "session_data": "eyJfc2Vzc2lvbl9leHBpcnkiOjB9:1pYAFj:8tHdAIlWEdzE4VMahVh4fIgtSv8y2_bXG2Sp8Gry9v0",
            "expire_date": "2023-03-17T18:35:35.921Z"
        }
    },
    {
        "model": "sites.site",
        "pk": 1,
        "fields": {
            "domain": "example.com",
            "name": "example.com"
        }
    },
    {
        "model": "shop.category",
        "pk": 1,
        "fields": {
            "parent": null,
            "title": "graphic design",
            "friendly_name": "Graphic Design"
        }
    },
    {
        "model": "shop.category",
        "pk": 2,
        "fields": {
            "parent": 1,
            "title": "illlustration",
            "friendly_name": "Illustration"
        }
    },
    {
        "model": "shop.category",
        "pk": 3,
        "fields": {
            "parent": 1,
            "title": "popart",
            "friendly_name": "Pop Art"
        }
    },
    {
        "model": "shop.category",
        "pk": 4,
        "fields": {
            "parent": null,
            "title": "surrealism",
            "friendly_name": "Surrealism"
        }
    },
    {
        "model": "shop.category",
        "pk": 5,
        "fields": {
            "parent": null,
            "title": "photo-paintings",
            "friendly_name": "Photo-Paintings"
        }
    },
    {
        "model": "shop.category",
        "pk": 6,
        "fields": {
            "parent": null,
            "title": "photography",
            "friendly_name": "Photography"
        }
    },
    {
        "model": "shop.category",
        "pk": 7,
        "fields": {
            "parent": null,
            "title": "glitch-art",
            "friendly_name": "Glitch Art"
        }
    },
    {
        "model": "shop.category",
        "pk": 8,
        "fields": {
            "parent": 1,
            "title": "illustrations",
            "friendly_name": "Illustrations"
        }
    },
    {
        "model": "shop.product",
        "pk": 1,
        "fields": {
            "sku": "sk0000019923",
            "active": true,
            "artwork_description": null,
            "predicted_titles": null,
            "title": "Mosh Pit",
            "orientation": "4",
            "label": "2",
            "has_dimensions": false,
            "medium": "adobe photoshop",
            "category": 7,
            "parent": 1,
            "price": "80.00",
            "image_url": null,
            "image": "datamosh.jpg",
            "qty": 1,
            "created_at": "2023-03-03T01:25:21.914Z",
            "updated_at": "2023-03-13T18:24:55.527Z",
            "deleted_at": "2023-03-13T18:24:55.527Z"
        }
    },
    {
        "model": "shop.product",
        "pk": 5,
        "fields": {
            "sku": "00000199241",
            "active": true,
            "artwork_description": null,
            "predicted_titles": null,
            "title": "Portrait of a Blue Eyed Child",
            "orientation": "3",
            "label": "1",
            "has_dimensions": false,
            "medium": "Oil Paint, Adobe Photoshop",
            "category": 5,
            "parent": 5,
            "price": "380.00",
            "image_url": null,
            "image": "photopaint.jpg",
            "qty": 1,
            "created_at": "2023-03-03T01:47:33.160Z",
            "updated_at": "2023-03-03T01:47:33.160Z",
            "deleted_at": "2023-03-03T01:47:33.160Z"
        }
    },
    {
        "model": "shop.product",
        "pk": 6,
        "fields": {
            "sku": "000001992326",
            "active": true,
            "artwork_description": "pop art illustration of a retro girl with pink hair, a blue polka dot 1950's halter top,  pink lips, and yellow sunglasses that say \"wow\"  on a yellow pop-art style background.",
            "predicted_titles": {
                "title": {
                    "0": "1. \"Wow Girl\"\n2. \"Pretty in Pink\"\n3. \"Retro Pop Art\""
                },
                "artwork_description": {
                    "0": "pop art cartoon illustration of a pretty girl with pink hair, a blue polka dot 1950's halter top,  pink lips, and yellow sunglasses that say 'wow' on a yellow pop-art style background."
                }
            },
            "title": "Pop Art Girl",
            "orientation": "5",
            "label": "1",
            "has_dimensions": false,
            "medium": "Adobe Illustrator",
            "category": 3,
            "parent": 3,
            "price": "180.00",
            "image_url": null,
            "image": "popart.png",
            "qty": 1,
            "created_at": "2023-03-03T01:50:33.087Z",
            "updated_at": "2023-05-25T14:10:25.199Z",
            "deleted_at": "2023-05-25T14:10:25.199Z"
        }
    },
    {
        "model": "shop.product",
        "pk": 7,
        "fields": {
            "sku": "000001992323",
            "active": true,
            "artwork_description": null,
            "predicted_titles": null,
            "title": "Eye of The Beholder",
            "orientation": "4",
            "label": "1",
            "has_dimensions": false,
            "medium": "Oil Paint, Adobe Photoshop",
            "category": 5,
            "parent": 5,
            "price": "225.00",
            "image_url": null,
            "image": "photopainting1.jpg",
            "qty": 1,
            "created_at": "2023-03-03T01:54:42.284Z",
            "updated_at": "2023-03-03T01:54:42.284Z",
            "deleted_at": "2023-03-03T01:54:42.284Z"
        }
    },
    {
        "model": "shop.product",
        "pk": 8,
        "fields": {
            "sku": "sk0000019951",
            "active": true,
            "artwork_description": null,
            "predicted_titles": null,
            "title": "Floating Mountains of a Distant World",
            "orientation": "4",
            "label": "2",
            "has_dimensions": false,
            "medium": "Adobe Photoshop",
            "category": 4,
            "parent": 4,
            "price": "110.00",
            "image_url": null,
            "image": "surrealism3.jpg",
            "qty": 1,
            "created_at": "2023-03-03T01:57:01.067Z",
            "updated_at": "2023-03-03T01:57:01.067Z",
            "deleted_at": "2023-03-03T01:57:01.067Z"
        }
    },
    {
        "model": "shop.product",
        "pk": 9,
        "fields": {
            "sku": "sk00001912231",
            "active": true,
            "artwork_description": null,
            "predicted_titles": null,
            "title": "New York City Monotone",
            "orientation": "4",
            "label": "2",
            "has_dimensions": false,
            "medium": "Camera, Adobe Photoshop",
            "category": 6,
            "parent": 6,
            "price": "79.99",
            "image_url": null,
            "image": "nyc.jpg",
            "qty": 1,
            "created_at": "2023-03-03T21:58:35.175Z",
            "updated_at": "2023-03-03T21:58:35.175Z",
            "deleted_at": "2023-03-03T21:58:35.175Z"
        }
    },
    {
        "model": "shop.product",
        "pk": 10,
        "fields": {
            "sku": "sk00000199233",
            "active": true,
            "artwork_description": null,
            "predicted_titles": null,
            "title": "Warm Color",
            "orientation": "4",
            "label": "2",
            "has_dimensions": false,
            "medium": "Camera, Adobe Photoshop",
            "category": 6,
            "parent": 6,
            "price": "65.00",
            "image_url": null,
            "image": "warmcolors..jpg",
            "qty": 0,
            "created_at": "2023-03-03T22:49:48.318Z",
            "updated_at": "2023-03-03T22:49:48.318Z",
            "deleted_at": "2023-03-03T22:49:48.318Z"
        }
    },
    {
        "model": "shop.product",
        "pk": 11,
        "fields": {
            "sku": "sk00000199236",
            "active": true,
            "artwork_description": null,
            "predicted_titles": null,
            "title": "Cool Sunset",
            "orientation": "4",
            "label": "2",
            "has_dimensions": false,
            "medium": "Camera, Adobe Photoshop",
            "category": 6,
            "parent": 6,
            "price": "225.00",
            "image_url": null,
            "image": "sky.jpg",
            "qty": 1,
            "created_at": "2023-03-03T22:50:34.114Z",
            "updated_at": "2023-03-03T22:50:34.114Z",
            "deleted_at": "2023-03-03T22:50:34.114Z"
        }
    },
    {
        "model": "shop.product",
        "pk": 12,
        "fields": {
            "sku": "sk000001992355",
            "active": true,
            "artwork_description": null,
            "predicted_titles": null,
            "title": "Glitch Classic",
            "orientation": "5",
            "label": "2",
            "has_dimensions": false,
            "medium": "Adobe Photoshop",
            "category": 7,
            "parent": 7,
            "price": "79.99",
            "image_url": null,
            "image": "glitchart.jpg",
            "qty": 1,
            "created_at": "2023-03-13T18:26:13.949Z",
            "updated_at": "2023-03-13T18:26:13.949Z",
            "deleted_at": "2023-03-13T18:26:13.949Z"
        }
    },
    {
        "model": "shop.product",
        "pk": 13,
        "fields": {
            "sku": "sk000001992369",
            "active": true,
            "artwork_description": null,
            "predicted_titles": null,
            "title": "Bubble Girl Illustration",
            "orientation": "5",
            "label": "1",
            "has_dimensions": false,
            "medium": "Adobe Illustrator, Adobe Photoshop",
            "category": 8,
            "parent": 8,
            "price": "69.99",
            "image_url": null,
            "image": "illustrations_aeHRtnn.jpg",
            "qty": 1,
            "created_at": "2023-03-13T18:27:27.914Z",
            "updated_at": "2023-05-19T21:00:27.022Z",
            "deleted_at": "2023-05-19T21:00:27.022Z"
        }
    },
    {
        "model": "checkout.order",
        "pk": 1,
        "fields": {
            "order_number": "7E395A22F3C94D3094B9865E8BFA6F7E",
            "profile": 1,
            "user_full_name": "Alissa Troiano",
            "town_or_city": "Yonkers",
            "street_address1": "59 Dorchester Drive",
            "street_address2": "Apartment 2",
            "state": "",
            "country": "US",
            "county": "NY",
            "postcode": "10710",
            "email": "alissatroiano@alissatroiano.com",
            "phone_number": "9145620119",
            "created_at": "2023-03-03T02:12:04.520Z",
            "updated_at": "2023-03-03T02:12:04.661Z",
            "deleted_at": "2023-03-03T02:12:04.661Z",
            "special_discount": "20.00",
            "date": "2023-03-03T02:12:04.520Z",
            "order_total": "80.00",
            "grand_total": "60.00",
            "original_cart": "{\"1\": 1}",
            "stripe_pid": "pi_3MhO5qJuLUUDUAz91pvaKYGo"
        }
    },
    {
        "model": "checkout.orderitem",
        "pk": 1,
        "fields": {
            "order": 1,
            "product": 1,
            "timestamp": "2023-03-03",
            "product_dimension": null,
            "quantity": 1,
            "orderitem_total": "80.00"
        }
    },
    {
        "model": "account.emailaddress",
        "pk": 1,
        "fields": {
            "user": 1,
            "email": "btech373@gmail.com",
            "verified": true,
            "primary": true
        }
    },
    {
        "model": "account.emailaddress",
        "pk": 2,
        "fields": {
            "user": 2,
            "email": "troianoali@gmail.com",
            "verified": true,
            "primary": true
        }
    },
    {
        "model": "account.emailaddress",
        "pk": 3,
        "fields": {
            "user": 3,
            "email": "theb3tafish@gmail.com",
            "verified": true,
            "primary": true
        }
    },
    {
        "model": "account.emailaddress",
        "pk": 4,
        "fields": {
            "user": 4,
            "email": "alissatroiano@alissatroiano.com",
            "verified": true,
            "primary": true
        }
    },
    {
        "model": "account.emailaddress",
        "pk": 5,
        "fields": {
            "user": 6,
            "email": "test@test.dev",
            "verified": true,
            "primary": true
        }
    },
    {
        "model": "account.emailaddress",
        "pk": 7,
        "fields": {
            "user": 11,
            "email": "manager@aol.com",
            "verified": true,
            "primary": true
        }
    },
    {
        "model": "profiles.profile",
        "pk": 1,
        "fields": {
            "user": 1,
            "default_phone_number": "9145620119",
            "default_country": "US",
            "default_postcode": "10710",
            "default_town_or_city": "Yonkers",
            "default_street_address1": "59 Dorchester Drive",
            "default_street_address2": "Apartment 2",
            "default_county": "NY",
            "avatar": "avatar.jpg"
        }
    },
    {
        "model": "profiles.profile",
        "pk": 2,
        "fields": {
            "user": 2,
            "default_phone_number": null,
            "default_country": null,
            "default_postcode": null,
            "default_town_or_city": null,
            "default_street_address1": null,
            "default_street_address2": null,
            "default_county": null,
            "avatar": "avatars/at.png"
        }
    },
    {
        "model": "profiles.profile",
        "pk": 3,
        "fields": {
            "user": 3,
            "default_phone_number": null,
            "default_country": null,
            "default_postcode": null,
            "default_town_or_city": null,
            "default_street_address1": null,
            "default_street_address2": null,
            "default_county": null,
            "avatar": "avatar.jpg"
        }
    },
    {
        "model": "profiles.profile",
        "pk": 4,
        "fields": {
            "user": 4,
            "default_phone_number": null,
            "default_country": null,
            "default_postcode": null,
            "default_town_or_city": null,
            "default_street_address1": null,
            "default_street_address2": null,
            "default_county": null,
            "avatar": "avatar.jpg"
        }
    },
    {
        "model": "profiles.profile",
        "pk": 5,
        "fields": {
            "user": 5,
            "default_phone_number": null,
            "default_country": null,
            "default_postcode": null,
            "default_town_or_city": null,
            "default_street_address1": null,
            "default_street_address2": null,
            "default_county": null,
            "avatar": "avatar.jpg"
        }
    },
    {
        "model": "profiles.profile",
        "pk": 6,
        "fields": {
            "user": 6,
            "default_phone_number": null,
            "default_country": null,
            "default_postcode": null,
            "default_town_or_city": null,
            "default_street_address1": null,
            "default_street_address2": null,
            "default_county": null,
            "avatar": "avatar.jpg"
        }
    },
    {
        "model": "profiles.profile",
        "pk": 7,
        "fields": {
            "user": 7,
            "default_phone_number": null,
            "default_country": null,
            "default_postcode": null,
            "default_town_or_city": null,
            "default_street_address1": null,
            "default_street_address2": null,
            "default_county": null,
            "avatar": "avatar.jpg"
        }
    },
    {
        "model": "profiles.profile",
        "pk": 8,
        "fields": {
            "user": 8,
            "default_phone_number": null,
            "default_country": null,
            "default_postcode": null,
            "default_town_or_city": null,
            "default_street_address1": null,
            "default_street_address2": null,
            "default_county": null,
            "avatar": "avatar.jpg"
        }
    },
    {
        "model": "profiles.profile",
        "pk": 9,
        "fields": {
            "user": 9,
            "default_phone_number": null,
            "default_country": null,
            "default_postcode": null,
            "default_town_or_city": null,
            "default_street_address1": null,
            "default_street_address2": null,
            "default_county": null,
            "avatar": "avatar.jpg"
        }
    },
    {
        "model": "profiles.profile",
        "pk": 10,
        "fields": {
            "user": 10,
            "default_phone_number": null,
            "default_country": null,
            "default_postcode": null,
            "default_town_or_city": null,
            "default_street_address1": null,
            "default_street_address2": null,
            "default_county": null,
            "avatar": "avatar.jpg"
        }
    },
    {
        "model": "profiles.profile",
        "pk": 11,
        "fields": {
            "user": 11,
            "default_phone_number": null,
            "default_country": null,
            "default_postcode": null,
            "default_town_or_city": null,
            "default_street_address1": null,
            "default_street_address2": null,
            "default_county": null,
            "avatar": "avatar.jpg"
        }
    },
    {
        "model": "profiles.profile",
        "pk": 12,
        "fields": {
            "user": 12,
            "default_phone_number": null,
            "default_country": null,
            "default_postcode": null,
            "default_town_or_city": null,
            "default_street_address1": null,
            "default_street_address2": null,
            "default_county": null,
            "avatar": "avatar.jpg"
        }
    },
    {
        "model": "hugo.style",
        "pk": 1,
        "fields": {
            "name": "pop art",
            "friendly_name": "Pop Art"
        }
    },
    {
        "model": "hugo.style",
        "pk": 2,
        "fields": {
            "name": "retro",
            "friendly_name": "Retro"
        }
    },
    {
        "model": "hugo.style",
        "pk": 3,
        "fields": {
            "name": "surrealism",
            "friendly_name": "Surrealism"
        }
    },
    {
        "model": "hugo.style",
        "pk": 4,
        "fields": {
            "name": "manipulation",
            "friendly_name": "Photo Manipulation"
        }
    },
    {
        "model": "hugo.style",
        "pk": 5,
        "fields": {
            "name": "digital-art",
            "friendly_name": "Digital Art"
        }
    },
    {
        "model": "hugo.artwork",
        "pk": 2,
        "fields": {
            "artwork_description": "cute astronaut planting a flag on the moon",
            "title": "Space Cakes",
            "image_url": null,
            "image": "alien-plant.png",
            "created_at": "2023-06-25T01:00:56.810Z",
            "updated_at": "2023-06-27T02:00:29.148Z",
            "deleted_at": "2023-06-27T02:00:29.148Z",
            "user": 1,
            "style": null
        }
    },
    {
        "model": "hugo.artwork",
        "pk": 3,
        "fields": {
            "artwork_description": "An alien planet with a desert surface, pink cacti and teal water",
            "title": "High Desert",
            "image_url": null,
            "image": "alient-planet.png",
            "created_at": "2023-06-25T01:01:01.826Z",
            "updated_at": "2023-06-27T02:00:21.604Z",
            "deleted_at": "2023-06-27T02:00:21.604Z",
            "user": 1,
            "style": null
        }
    },
    {
        "model": "hugo.artwork",
        "pk": 4,
        "fields": {
            "artwork_description": "A single goldfish in a bowl holding a suitcase and smoking a cigarette",
            "title": "Fishy Business",
            "image_url": null,
            "image": "fishybusiness.png",
            "created_at": "2023-06-25T02:47:31.026Z",
            "updated_at": "2023-06-27T02:00:09.782Z",
            "deleted_at": "2023-06-27T02:00:09.782Z",
            "user": null,
            "style": null
        }
    },
    {
        "model": "hugo.artwork",
        "pk": 5,
        "fields": {
            "artwork_description": "Pop art style illustration of banana with a pink background",
            "title": "Banana Pop",
            "image_url": null,
            "image": "banana.png",
            "created_at": "2023-06-25T16:53:55.878Z",
            "updated_at": "2023-06-27T01:59:52.548Z",
            "deleted_at": "2023-06-27T01:59:52.548Z",
            "user": 8,
            "style": null
        }
    },
    {
        "model": "hugo.artwork",
        "pk": 16,
        "fields": {
            "artwork_description": "yellow flower in a skinny vase with a teal background",
            "title": "beauty in the eye",
            "image_url": "https://oaidalleapiprodscus.blob.core.windows.net/private/org-8DejguCpnvm8EsVXB76F5GJe/user-AkL4Fu608DkzB7IcfnSzPqgA/img-1RJFMHjMtpeYX5bnxglQvk8C.png?st=2023-06-27T00%3A24%3A55Z&se=2023-06-27T02%3A24%3A55Z&sp=r&sv=2021-08-06&sr=b&rscd=inline&rsct=image/png&skoid=6aaadede-4fb3-4698-a8f6-684d7786b067&sktid=a48cca56-e6da-484e-a814-9c849652bcb3&skt=2023-06-27T00%3A08%3A01Z&ske=2023-06-28T00%3A08%3A01Z&sks=b&skv=2021-08-06&sig=C1gp/SSwWxitU254llpYfZpmzPQ7BP8GVQApTwaWzMo%3D",
            "image": "image.jpg",
            "created_at": "2023-06-27T01:24:56.561Z",
            "updated_at": "2023-06-27T01:24:56.595Z",
            "deleted_at": "2023-06-27T01:24:56.596Z",
            "user": null,
            "style": null
        }
    },
    {
        "model": "hugo.artwork",
        "pk": 17,
        "fields": {
            "artwork_description": "A single goldfish in a bowl holding a suitcase and smoking a cigarette",
            "title": "Fishy Biz",
            "image_url": "https://oaidalleapiprodscus.blob.core.windows.net/private/org-8DejguCpnvm8EsVXB76F5GJe/user-AkL4Fu608DkzB7IcfnSzPqgA/img-j8bxEs8NE8P0l7cwCLkE8LEj.png?st=2023-06-27T00%3A57%3A55Z&se=2023-06-27T02%3A57%3A55Z&sp=r&sv=2021-08-06&sr=b&rscd=inline&rsct=image/png&skoid=6aaadede-4fb3-4698-a8f6-684d7786b067&sktid=a48cca56-e6da-484e-a814-9c849652bcb3&skt=2023-06-27T00%3A09%3A29Z&ske=2023-06-28T00%3A09%3A29Z&sks=b&skv=2021-08-06&sig=ZdFHEBLmIUYA8udxQTRD9G9P6twE7RwWGjd%2BI9zYJUk%3D",
            "image": "image_4o9yWGh.jpg",
            "created_at": "2023-06-27T01:57:56.801Z",
            "updated_at": "2023-06-27T01:57:56.839Z",
            "deleted_at": "2023-06-27T01:57:56.839Z",
            "user": null,
            "style": null
        }
    },
    {
        "model": "hugo.artwork",
        "pk": 18,
        "fields": {
            "artwork_description": "Pop art style illustration of banana with a pink background",
            "title": "Nana Pop",
            "image_url": "https://oaidalleapiprodscus.blob.core.windows.net/private/org-8DejguCpnvm8EsVXB76F5GJe/user-AkL4Fu608DkzB7IcfnSzPqgA/img-fYlwidwN2ZM24WUsIeFDCYRO.png?st=2023-06-27T00%3A58%3A57Z&se=2023-06-27T02%3A58%3A57Z&sp=r&sv=2021-08-06&sr=b&rscd=inline&rsct=image/png&skoid=6aaadede-4fb3-4698-a8f6-684d7786b067&sktid=a48cca56-e6da-484e-a814-9c849652bcb3&skt=2023-06-27T00%3A07%3A16Z&ske=2023-06-28T00%3A07%3A16Z&sks=b&skv=2021-08-06&sig=8JIT5NL2nOx4jyxnWsEKQBHthVitFepw38nMIGExcXg%3D",
            "image": "image_Rn9UOpV.jpg",
            "created_at": "2023-06-27T01:58:58.273Z",
            "updated_at": "2023-06-29T05:16:05.421Z",
            "deleted_at": "2023-06-29T05:16:05.421Z",
            "user": 1,
            "style": null
        }
    },
    {
        "model": "hugo.artwork",
        "pk": 19,
        "fields": {
            "artwork_description": "A green frog wearing a top hat. Purple background",
            "title": "Mr Toad",
            "image_url": "https://oaidalleapiprodscus.blob.core.windows.net/private/org-8DejguCpnvm8EsVXB76F5GJe/user-AkL4Fu608DkzB7IcfnSzPqgA/img-cSAReah6nYHL72OzoB37H96h.png?st=2023-06-27T01%3A01%3A35Z&se=2023-06-27T03%3A01%3A35Z&sp=r&sv=2021-08-06&sr=b&rscd=inline&rsct=image/png&skoid=6aaadede-4fb3-4698-a8f6-684d7786b067&sktid=a48cca56-e6da-484e-a814-9c849652bcb3&skt=2023-06-27T00%3A10%3A16Z&ske=2023-06-28T00%3A10%3A16Z&sks=b&skv=2021-08-06&sig=axLFCLV3mn6/kvPc%2BnRPxiyrLsqJdwVpJ6L7o%2BJO/f0%3D",
            "image": "image_t6GUNhu.jpg",
            "created_at": "2023-06-27T02:01:36.914Z",
            "updated_at": "2023-06-27T02:01:36.951Z",
            "deleted_at": "2023-06-27T02:01:36.951Z",
            "user": null,
            "style": null
        }
    },
    {
        "model": "hugo.artwork",
        "pk": 20,
        "fields": {
            "artwork_description": "A cute green alien wearing sunglasses on the beach.",
            "title": "Shady Lifeform",
            "image_url": "https://oaidalleapiprodscus.blob.core.windows.net/private/org-8DejguCpnvm8EsVXB76F5GJe/user-AkL4Fu608DkzB7IcfnSzPqgA/img-azl3gj8nj9kWFQniJIcCcnTB.png?st=2023-06-29T03%3A20%3A11Z&se=2023-06-29T05%3A20%3A11Z&sp=r&sv=2021-08-06&sr=b&rscd=inline&rsct=image/png&skoid=6aaadede-4fb3-4698-a8f6-684d7786b067&sktid=a48cca56-e6da-484e-a814-9c849652bcb3&skt=2023-06-28T20%3A52%3A49Z&ske=2023-06-29T20%3A52%3A49Z&sks=b&skv=2021-08-06&sig=JpI6Ekek4IApQ%2BDW4r8pgs31fb/8totFyiVVh5PNifI%3D",
            "image": "image_kHZuyvl.jpg",
            "created_at": "2023-06-29T04:20:12.483Z",
            "updated_at": "2023-06-29T04:20:12.529Z",
            "deleted_at": "2023-06-29T04:20:12.529Z",
            "user": null,
            "style": null
        }
    },
    {
        "model": "hugo.artwork",
        "pk": 24,
        "fields": {
            "artwork_description": "A big yellow sunflower in a bright pink vase. Teal background",
            "title": "Brighten Up",
            "image_url": "https://oaidalleapiprodscus.blob.core.windows.net/private/org-8DejguCpnvm8EsVXB76F5GJe/user-AkL4Fu608DkzB7IcfnSzPqgA/img-KuUg09QAVB5iI6qXy3NSyxbE.png?st=2023-06-29T03%3A49%3A48Z&se=2023-06-29T05%3A49%3A48Z&sp=r&sv=2021-08-06&sr=b&rscd=inline&rsct=image/png&skoid=6aaadede-4fb3-4698-a8f6-684d7786b067&sktid=a48cca56-e6da-484e-a814-9c849652bcb3&skt=2023-06-28T20%3A53%3A14Z&ske=2023-06-29T20%3A53%3A14Z&sks=b&skv=2021-08-06&sig=POQ3BpbUobz5faLvfguD4vf0/LZmN2QLRi9YFfc%2BET8%3D",
            "image": "image_hO8puFd.jpg",
            "created_at": "2023-06-29T04:49:49.736Z",
            "updated_at": "2023-06-29T04:49:49.776Z",
            "deleted_at": "2023-06-29T04:49:49.776Z",
            "user": null,
            "style": null
        }
    },
    {
        "model": "hugo.artwork",
        "pk": 26,
        "fields": {
            "artwork_description": "A single red rose in a white sneaker. Yellow background",
            "title": "New Vase",
            "image_url": "https://oaidalleapiprodscus.blob.core.windows.net/private/org-8DejguCpnvm8EsVXB76F5GJe/user-AkL4Fu608DkzB7IcfnSzPqgA/img-lgzn5Dvi9pVU1OgLn8f9xGhN.png?st=2023-06-29T03%3A53%3A26Z&se=2023-06-29T05%3A53%3A26Z&sp=r&sv=2021-08-06&sr=b&rscd=inline&rsct=image/png&skoid=6aaadede-4fb3-4698-a8f6-684d7786b067&sktid=a48cca56-e6da-484e-a814-9c849652bcb3&skt=2023-06-28T20%3A52%3A46Z&ske=2023-06-29T20%3A52%3A46Z&sks=b&skv=2021-08-06&sig=kGGd5qio4t4Ka9oGR4wI/Tp7ZC7AIEyTwZQzuClUTlE%3D",
            "image": "image_9tTSUU6.jpg",
            "created_at": "2023-06-29T04:53:27.035Z",
            "updated_at": "2023-06-29T05:16:14.925Z",
            "deleted_at": "2023-06-29T05:16:14.925Z",
            "user": 8,
            "style": null
        }
    },
    {
        "model": "hugo.artwork",
        "pk": 28,
        "fields": {
            "artwork_description": "An astronaut walking through a highly detailed, surreal planet. Everything is purple",
            "title": "Purple Haze",
            "image_url": "https://oaidalleapiprodscus.blob.core.windows.net/private/org-8DejguCpnvm8EsVXB76F5GJe/user-AkL4Fu608DkzB7IcfnSzPqgA/img-GBxTu9otlEohr2rkhyF5JTvZ.png?st=2023-06-29T04%3A24%3A38Z&se=2023-06-29T06%3A24%3A38Z&sp=r&sv=2021-08-06&sr=b&rscd=inline&rsct=image/png&skoid=6aaadede-4fb3-4698-a8f6-684d7786b067&sktid=a48cca56-e6da-484e-a814-9c849652bcb3&skt=2023-06-28T20%3A52%3A54Z&ske=2023-06-29T20%3A52%3A54Z&sks=b&skv=2021-08-06&sig=pneEbPjNbN2JjJ9KdxZp4xxKCgLlHds5PqwQ%2B5WApY0%3D",
            "image": "image_lxqmez8.jpg",
            "created_at": "2023-06-29T05:24:38.877Z",
            "updated_at": "2023-06-29T05:24:38.916Z",
            "deleted_at": "2023-06-29T05:24:38.916Z",
            "user": 1,
            "style": null
        }
    },
    {
        "model": "hugo.artwork",
        "pk": 31,
        "fields": {
            "artwork_description": "A group of orcas eating a blue whale in the ocean",
            "title": "Orca fun",
            "image_url": "https://oaidalleapiprodscus.blob.core.windows.net/private/org-8DejguCpnvm8EsVXB76F5GJe/user-AkL4Fu608DkzB7IcfnSzPqgA/img-om7AZXiJ3PDcGOG7X6t1s9AV.png?st=2023-06-29T16%3A47%3A43Z&se=2023-06-29T18%3A47%3A43Z&sp=r&sv=2021-08-06&sr=b&rscd=inline&rsct=image/png&skoid=6aaadede-4fb3-4698-a8f6-684d7786b067&sktid=a48cca56-e6da-484e-a814-9c849652bcb3&skt=2023-06-28T20%3A56%3A36Z&ske=2023-06-29T20%3A56%3A36Z&sks=b&skv=2021-08-06&sig=svrb5o53AjW3qnZNHjtnkqgsbS3hBd7moROrZ8XVPiY%3D",
            "image": "image_EnGweUs.jpg",
            "created_at": "2023-06-29T17:47:43.952Z",
            "updated_at": "2023-06-30T01:49:22.542Z",
            "deleted_at": "2023-06-30T01:49:22.542Z",
            "user": 12,
            "style": null
        }
    },
    {
        "model": "hugo.artwork",
        "pk": 32,
        "fields": {
            "artwork_description": "A cute polar bear with its child swimming in the cold ocean",
            "title": "Polar bear fun",
            "image_url": "https://oaidalleapiprodscus.blob.core.windows.net/private/org-8DejguCpnvm8EsVXB76F5GJe/user-AkL4Fu608DkzB7IcfnSzPqgA/img-TjCs8CVPbqQIzY6zYPqN11Im.png?st=2023-06-29T16%3A49%3A34Z&se=2023-06-29T18%3A49%3A34Z&sp=r&sv=2021-08-06&sr=b&rscd=inline&rsct=image/png&skoid=6aaadede-4fb3-4698-a8f6-684d7786b067&sktid=a48cca56-e6da-484e-a814-9c849652bcb3&skt=2023-06-28T20%3A53%3A38Z&ske=2023-06-29T20%3A53%3A38Z&sks=b&skv=2021-08-06&sig=g8C4/0X6eXaA5uX6ocuXEyY/mnHYp9pdEH7dQ2OXJfA%3D",
            "image": "image_kRVKjWZ.jpg",
            "created_at": "2023-06-29T17:49:35.135Z",
            "updated_at": "2023-06-29T17:49:35.171Z",
            "deleted_at": "2023-06-29T17:49:35.171Z",
            "user": 1,
            "style": null
        }
    },
    {
        "model": "hugo.artwork",
        "pk": 33,
        "fields": {
            "artwork_description": "A cute yellow lion cub wearing a silver tiara. pink backround",
            "title": "The lion king",
            "image_url": "https://oaidalleapiprodscus.blob.core.windows.net/private/org-8DejguCpnvm8EsVXB76F5GJe/user-AkL4Fu608DkzB7IcfnSzPqgA/img-iquThuDLxsI2ineRNdWtNMq8.png?st=2023-06-29T16%3A53%3A31Z&se=2023-06-29T18%3A53%3A31Z&sp=r&sv=2021-08-06&sr=b&rscd=inline&rsct=image/png&skoid=6aaadede-4fb3-4698-a8f6-684d7786b067&sktid=a48cca56-e6da-484e-a814-9c849652bcb3&skt=2023-06-28T20%3A58%3A13Z&ske=2023-06-29T20%3A58%3A13Z&sks=b&skv=2021-08-06&sig=%2BdIMfVYLBZ38dXgBZEXrgJdjHCPQapuGM5Eo43hurDw%3D",
            "image": "image_fAXhac9.jpg",
            "created_at": "2023-06-29T17:53:31.821Z",
            "updated_at": "2023-06-29T17:53:31.853Z",
            "deleted_at": "2023-06-29T17:53:31.853Z",
            "user": 1,
            "style": null
        }
    },
    {
        "model": "hugo.artwork",
        "pk": 34,
        "fields": {
            "artwork_description": "A green, baby alien wearing a diaper. Purple abstract background",
            "title": "Goo goo galien",
            "image_url": "https://oaidalleapiprodscus.blob.core.windows.net/private/org-8DejguCpnvm8EsVXB76F5GJe/user-AkL4Fu608DkzB7IcfnSzPqgA/img-gjJXJAKU4FleCmeyZ4yl84QR.png?st=2023-06-29T16%3A55%3A54Z&se=2023-06-29T18%3A55%3A54Z&sp=r&sv=2021-08-06&sr=b&rscd=inline&rsct=image/png&skoid=6aaadede-4fb3-4698-a8f6-684d7786b067&sktid=a48cca56-e6da-484e-a814-9c849652bcb3&skt=2023-06-28T20%3A52%3A54Z&ske=2023-06-29T20%3A52%3A54Z&sks=b&skv=2021-08-06&sig=6O0LGO%2Bxd6BXhoc5VJqPR87vE7EpXJeKSlTpDipSJZI%3D",
            "image": "image_mT7ohTx.jpg",
            "created_at": "2023-06-29T17:55:55.129Z",
            "updated_at": "2023-06-29T17:55:55.165Z",
            "deleted_at": "2023-06-29T17:55:55.165Z",
            "user": 1,
            "style": null
        }
    },
    {
        "model": "hugo.artwork",
        "pk": 35,
        "fields": {
            "artwork_description": "A baby alien sitting on a yellow blanket holding a pacifier. Space scene in the background",
            "title": "Space Baby",
            "image_url": "https://oaidalleapiprodscus.blob.core.windows.net/private/org-8DejguCpnvm8EsVXB76F5GJe/user-AkL4Fu608DkzB7IcfnSzPqgA/img-RhP03LeNClWv9pt3qqMNbCcb.png?st=2023-06-29T16%3A57%3A42Z&se=2023-06-29T18%3A57%3A42Z&sp=r&sv=2021-08-06&sr=b&rscd=inline&rsct=image/png&skoid=6aaadede-4fb3-4698-a8f6-684d7786b067&sktid=a48cca56-e6da-484e-a814-9c849652bcb3&skt=2023-06-28T20%3A52%3A25Z&ske=2023-06-29T20%3A52%3A25Z&sks=b&skv=2021-08-06&sig=4JSrijoS/qGbGOE1aEGgXpTfMkXFENwAZajCDkM2qG0%3D",
            "image": "image_2I9CjVD.jpg",
            "created_at": "2023-06-29T17:57:43.499Z",
            "updated_at": "2023-06-30T00:36:56.616Z",
            "deleted_at": "2023-06-30T00:36:56.616Z",
            "user": 1,
            "style": 3
        }
    },
    {
        "model": "hugo.artwork",
        "pk": 36,
        "fields": {
            "artwork_description": "highly realistic blue whale swimming in the big ocean.",
            "title": "Blue swim",
            "image_url": "https://oaidalleapiprodscus.blob.core.windows.net/private/org-8DejguCpnvm8EsVXB76F5GJe/user-AkL4Fu608DkzB7IcfnSzPqgA/img-4CBl73yXvDbdVnviXYYw64Vj.png?st=2023-06-29T17%3A02%3A23Z&se=2023-06-29T19%3A02%3A23Z&sp=r&sv=2021-08-06&sr=b&rscd=inline&rsct=image/png&skoid=6aaadede-4fb3-4698-a8f6-684d7786b067&sktid=a48cca56-e6da-484e-a814-9c849652bcb3&skt=2023-06-28T20%3A53%3A12Z&ske=2023-06-29T20%3A53%3A12Z&sks=b&skv=2021-08-06&sig=scJ07APmkW4xGXNnENj%2BXjrC0ugHpulqDPb1hgjR77c%3D",
            "image": "image_mh5wbUP.jpg",
            "created_at": "2023-06-29T18:02:23.438Z",
            "updated_at": "2023-06-29T18:02:23.473Z",
            "deleted_at": "2023-06-29T18:02:23.473Z",
            "user": 1,
            "style": null
        }
    },
    {
        "model": "hugo.artwork",
        "pk": 37,
        "fields": {
            "artwork_description": "A small, brown chihuahua puppy holding a gun. Bright orange and yellow abstract bacckground",
            "title": "Jake, the Evil Chihuahua",
            "image_url": "https://oaidalleapiprodscus.blob.core.windows.net/private/org-8DejguCpnvm8EsVXB76F5GJe/user-AkL4Fu608DkzB7IcfnSzPqgA/img-LYzW7ZYUe57llq9nUip9yu3D.png?st=2023-06-29T17%3A05%3A59Z&se=2023-06-29T19%3A05%3A59Z&sp=r&sv=2021-08-06&sr=b&rscd=inline&rsct=image/png&skoid=6aaadede-4fb3-4698-a8f6-684d7786b067&sktid=a48cca56-e6da-484e-a814-9c849652bcb3&skt=2023-06-28T20%3A52%3A24Z&ske=2023-06-29T20%3A52%3A24Z&sks=b&skv=2021-08-06&sig=bkfC3gxkRrbJBkP%2B4FFTsoGghGmFKlp/evob6TzCLAU%3D",
            "image": "image_nb340Gn.jpg",
            "created_at": "2023-06-29T18:06:00.220Z",
            "updated_at": "2023-06-30T01:53:17.500Z",
            "deleted_at": "2023-06-30T01:53:17.500Z",
            "user": 12,
            "style": 5
        }
    },
    {
        "model": "hugo.artwork",
        "pk": 38,
        "fields": {
            "artwork_description": "An adorable, green owl with an orange nose, orange feet, wearing black sunglasses. bright pastel yellow background",
            "title": "Duo",
            "image_url": "https://oaidalleapiprodscus.blob.core.windows.net/private/org-1QXk2w4H0OhDrF2Hd4QV5K2c/user-piMc91jPmVdhttPLHl2y50E7/img-XZ1BepVBri9u3GlzAFNR0quR.png?st=2023-06-29T17%3A11%3A59Z&se=2023-06-29T19%3A11%3A59Z&sp=r&sv=2021-08-06&sr=b&rscd=inline&rsct=image/png&skoid=6aaadede-4fb3-4698-a8f6-684d7786b067&sktid=a48cca56-e6da-484e-a814-9c849652bcb3&skt=2023-06-28T20%3A53%3A03Z&ske=2023-06-29T20%3A53%3A03Z&sks=b&skv=2021-08-06&sig=IwKkDTPRzhYa%2Bw8DRBjjep4GBQYnEmzNr0DC80rQTbY%3D",
            "image": "image_LFRriXN.jpg",
            "created_at": "2023-06-29T18:12:00.537Z",
            "updated_at": "2023-06-30T01:52:57.600Z",
            "deleted_at": "2023-06-30T01:52:57.600Z",
            "user": 12,
            "style": 5
        }
    },
    {
        "model": "hugo.artwork",
        "pk": 39,
        "fields": {
            "artwork_description": "A preppy cute, baddie, pomeranian puppy wearing sunglasses. with a bright yellow background pastel",
            "title": "Sunny days",
            "image_url": "https://oaidalleapiprodscus.blob.core.windows.net/private/org-1QXk2w4H0OhDrF2Hd4QV5K2c/user-piMc91jPmVdhttPLHl2y50E7/img-42jGiulL95pxBqWTKYxIcGha.png?st=2023-06-29T17%3A16%3A34Z&se=2023-06-29T19%3A16%3A34Z&sp=r&sv=2021-08-06&sr=b&rscd=inline&rsct=image/png&skoid=6aaadede-4fb3-4698-a8f6-684d7786b067&sktid=a48cca56-e6da-484e-a814-9c849652bcb3&skt=2023-06-28T20%3A54%3A25Z&ske=2023-06-29T20%3A54%3A25Z&sks=b&skv=2021-08-06&sig=/kJjzCTGTt4rNhEl8wGRyTykBmcPOlc%2BJnUCpuS3ZtA%3D",
            "image": "image_EmmWEXP.jpg",
            "created_at": "2023-06-29T18:16:34.665Z",
            "updated_at": "2023-06-30T00:36:44.061Z",
            "deleted_at": "2023-06-30T00:36:44.061Z",
            "user": 1,
            "style": 4
        }
    },
    {
        "model": "hugo.artwork",
        "pk": 40,
        "fields": {
            "artwork_description": "A blonde girl with a pink headband, big white sunglasses and retro 1950's fashion waving",
            "title": "Here we go",
            "image_url": "https://oaidalleapiprodscus.blob.core.windows.net/private/org-1QXk2w4H0OhDrF2Hd4QV5K2c/user-piMc91jPmVdhttPLHl2y50E7/img-jbEofKgGD1DD9S2Jtq6URExU.png?st=2023-06-29T23%3A22%3A53Z&se=2023-06-30T01%3A22%3A53Z&sp=r&sv=2021-08-06&sr=b&rscd=inline&rsct=image/png&skoid=6aaadede-4fb3-4698-a8f6-684d7786b067&sktid=a48cca56-e6da-484e-a814-9c849652bcb3&skt=2023-06-29T20%3A50%3A52Z&ske=2023-06-30T20%3A50%3A52Z&sks=b&skv=2021-08-06&sig=2qXjazVMyZKUGYV%2BE8TzjosXmepRQ%2Bg5701BoXHw/bQ%3D",
            "image": "image_npnS8Kq.jpg",
            "created_at": "2023-06-30T00:22:54.102Z",
            "updated_at": "2023-06-30T00:30:29.106Z",
            "deleted_at": "2023-06-30T00:30:29.106Z",
            "user": 1,
            "style": 1
        }
    },
    {
        "model": "hugo.artwork",
        "pk": 41,
        "fields": {
            "artwork_description": "A blue skeleton wearing a top-hat and making a surprised face. Bright, warm colors in the background",
            "title": "Skeletal Shock",
            "image_url": "https://oaidalleapiprodscus.blob.core.windows.net/private/org-1QXk2w4H0OhDrF2Hd4QV5K2c/user-piMc91jPmVdhttPLHl2y50E7/img-euUBoPJItMqFAibirrd8Uj1N.png?st=2023-06-30T00%3A17%3A11Z&se=2023-06-30T02%3A17%3A11Z&sp=r&sv=2021-08-06&sr=b&rscd=inline&rsct=image/png&skoid=6aaadede-4fb3-4698-a8f6-684d7786b067&sktid=a48cca56-e6da-484e-a814-9c849652bcb3&skt=2023-06-29T20%3A58%3A29Z&ske=2023-06-30T20%3A58%3A29Z&sks=b&skv=2021-08-06&sig=RCmzj1vwGl66yaEFljdX7PcHxoF%2BLT2Mvnzj/McjjSA%3D",
            "image": "image_NwwWEhk.jpg",
            "created_at": "2023-06-30T01:17:12.087Z",
            "updated_at": "2023-06-30T01:17:12.133Z",
            "deleted_at": "2023-06-30T01:17:12.133Z",
            "user": 1,
            "style": 1
        }
    }
]